Category,Sub-Category,Region,Segment,Ship Mode,Quantity,Discount,Profit,Actual Sales,Predicted Sales
1,14,2,1,0,4,0.2,21.1428,563.808,337.27358000000015
1,3,3,0,2,2,0.2,11.46,36.672,34.44624
0,9,0,1,3,2,0.0,17.158,37.3,61.257540000000006
0,5,0,2,3,3,0.3,-15.147,212.058,472.12693999999993
0,16,3,0,3,3,0.2,-6.4233,171.288,298.6694699999998
1,2,0,0,2,4,0.2,8.6744,99.136,73.48943999999996
2,13,1,1,3,3,0.4,-73.7061,340.182,353.785708
1,3,0,1,2,2,0.0,8.69,17.38,17.937900000000024
1,3,3,1,3,2,0.7,-15.08,22.62,20.097359999999984
1,2,3,1,2,11,0.2,17.908,71.632,158.44612000000006
1,3,0,0,3,6,0.8,-17.2854,10.476,10.587999999999989
0,9,2,2,3,4,0.0,31.5372,76.92,168.0816
1,14,0,0,3,7,0.0,1.4602,20.86,141.22346000000002
2,0,2,2,3,3,0.2,-75.5958,431.976,402.88327399999986
2,13,1,1,3,2,0.0,89.3142,307.98,316.70789999999977
1,1,3,0,3,4,0.2,13.7016,121.792,97.22656000000002
1,12,1,0,2,2,0.0,27.882,61.96,61.67190000000001
1,2,0,0,3,5,0.0,2.552,8.8,8.019759999999996
1,3,3,2,3,7,0.7,-3.3264,4.536,4.686380000000001
1,3,0,1,0,8,0.8,-22.512,12.864,14.063000000000002
0,5,2,1,0,5,0.2,-182.637,1123.92,765.9442399999998
0,9,1,0,0,5,0.2,8.7285,30.36,46.370039999999996
1,10,1,0,3,3,0.0,42.1314,91.59,89.2696
0,9,3,2,3,2,0.0,2.9372,41.96,7.551500000000003
0,9,3,1,2,2,0.0,10.3904,30.56,74.84468000000004
2,13,2,0,3,1,0.2,2.0994,27.992,20.980239999999984
1,12,1,0,3,9,0.0,28.8576,60.12,62.02379999999997
1,12,2,0,1,4,0.2,9.1872,25.344,25.64392000000001
1,12,0,0,2,2,0.0,7.98,15.96,16.694700000000008
2,0,3,2,3,3,0.0,86.3856,179.97,222.16420000000014
0,9,2,0,0,5,0.0,75.68,756.8,227.4989000000001
1,3,3,2,1,6,0.7,-35.8848,44.856,48.26006
2,13,0,2,3,2,0.0,43.1904,89.98,116.92069999999987
0,9,1,0,3,1,0.0,1.5588,12.99,10.917939999999998
1,8,1,1,3,5,0.2,1.683,7.92,12.461979999999999
1,2,1,1,2,3,0.0,4.485,17.94,16.532000000000025
2,13,0,1,0,7,0.2,123.4737,1097.544,1131.0740199999993
0,5,3,0,3,3,0.2,-13.7403,122.136,214.22194
0,5,3,0,3,4,0.2,-44.2764,393.568,405.4685059999997
1,12,2,1,3,7,0.2,20.5842,56.784,60.82423999999996
1,2,3,1,3,3,0.2,6.5538,23.832,46.478399999999965
1,1,1,1,2,5,0.2,1.311,17.48,17.764959999999995
1,14,3,0,3,5,0.2,6.291,55.92,89.06024000000004
2,0,3,1,3,3,0.0,163.1898,479.97,503.2840200000006
1,1,1,0,0,4,0.2,7.7728,88.832,73.77263999999998
1,8,2,2,2,2,0.0,1.1946,3.62,3.99916
1,10,2,1,0,2,0.0,9.936,20.7,20.698200000000014
1,12,0,0,3,2,0.0,3.852,8.56,8.526399999999985
2,13,1,2,3,5,0.0,336.635,1294.75,1434.1659799999993
1,2,3,1,3,4,0.0,3.1752,11.76,11.071199999999997
2,13,1,0,3,7,0.0,1228.1787,4548.81,3595.8065800000036
1,3,3,1,2,7,0.2,10.9368,31.248,32.301119999999976
2,13,1,2,3,2,0.0,34.5,138.0,154.01579999999984
0,9,1,0,1,5,0.0,252.59,971.5,955.9260800000001
1,12,3,0,3,3,0.0,8.763,19.05,18.567100000000007
1,15,1,1,1,2,0.2,1.69,13.52,20.979119999999995
2,0,1,2,2,2,0.0,88.3932,259.98,224.11970000000002
1,12,3,0,1,2,0.0,27.882,61.96,61.37640000000001
1,1,0,1,3,5,0.1,178.901,555.21,833.5479399999999
1,12,1,2,2,3,0.2,3.4398,10.584,10.727759999999996
1,12,1,1,3,4,0.0,7.704,17.12,16.76289999999999
1,12,3,1,3,5,0.0,10.7325,23.85,22.442999999999998
1,3,3,0,1,2,0.2,9.4366,26.032,27.397919999999996
1,12,2,0,2,6,0.2,11.2224,32.064,31.217440000000014
0,9,3,0,3,3,0.0,2.397,47.94,6.589979999999996
1,1,2,0,3,5,0.0,40.274,154.9,131.94319999999993
1,2,3,0,3,2,0.2,1.8688,9.344,12.755360000000005
1,8,1,1,2,3,0.0,0.7065,14.13,7.464260000000005
0,5,1,1,2,3,0.1,2.3094,207.846,269.1158700000001
2,13,2,2,2,2,0.0,23.5248,90.48,90.77089999999991
1,3,0,2,3,2,0.8,-4.3584,2.724,2.578339999999999
0,4,2,0,0,9,0.0,125.5824,523.26,904.2839999999998
2,0,2,0,3,5,0.2,-8.1675,72.6,115.83558000000002
1,2,2,0,3,2,0.0,2.6536,8.56,7.199300000000001
1,3,2,1,2,2,0.0,1.8048,3.76,3.937340000000002
0,9,2,1,3,6,0.0,297.69,595.38,912.3831599999996
0,16,3,0,2,4,0.0,116.872,1669.6,803.1446000000007
1,3,0,2,3,6,0.8,-22.0416,13.776,13.69044
1,12,3,0,2,4,0.0,10.224,22.72,22.36849999999999
0,5,3,0,0,4,0.2,54.3528,483.136,643.5950999999991
2,13,0,1,3,1,0.2,15.599,124.792,199.86031999999994
1,14,2,1,2,4,0.0,14.7184,367.96,71.01429999999998
1,12,1,2,3,1,0.0,3.1104,6.48,6.490000000000009
1,1,0,0,0,3,0.0,16.5888,61.44,63.890879999999946
1,3,3,0,0,2,0.2,17.3488,49.568,49.36432000000004
2,13,3,2,0,4,0.2,60.4768,604.768,532.6271999999999
2,13,0,0,2,4,0.2,49.4376,659.168,553.2000799999996
0,5,0,0,3,3,0.3,-53.2704,233.058,272.16359600000015
2,0,0,0,3,3,0.2,28.497,227.976,146.68774000000008
0,5,3,0,3,5,0.2,45.294,603.92,527.3375799999995
0,16,2,2,0,7,0.0,493.7856,2244.48,2031.758479999999
1,15,1,0,0,7,0.0,18.8993,65.17,184.39734000000004
1,12,1,2,3,6,0.0,18.6624,38.88,38.86050000000006
1,10,2,1,3,3,0.0,5.6994,12.39,12.287100000000008
1,12,0,1,0,4,0.2,7.2576,20.736,20.736000000000043
1,2,2,1,3,3,0.0,3.7236,12.84,13.28669999999999
1,14,1,0,2,3,0.0,6.6465,221.55,225.40997999999993
0,5,1,1,3,1,0.1,15.147,90.882,113.85399999999993
1,1,3,2,2,4,0.0,22.1184,81.92,82.12613999999999
2,11,1,1,2,3,0.7,-643.71,449.1,953.6837700000002
0,4,0,1,3,1,0.32,-12.9987,67.9932,140.71523399999992
1,7,2,0,2,2,0.2,10.8054,29.808,32.411919999999995
0,5,3,0,0,1,0.2,5.4801,48.712,91.66954999999987
0,5,0,0,3,8,0.0,770.352,2567.84,2835.1082499999993
0,5,2,2,3,9,0.0,746.4078,2573.82,2746.360009999998
2,13,3,0,3,3,0.2,52.9173,470.376,432.7011199999995
0,5,2,0,2,4,0.2,12.178,194.848,192.75430000000017
0,9,1,0,0,3,0.2,5.2773,60.312,38.555979999999984
0,9,3,1,2,1,0.2,1.7136,15.232,13.094740000000002
1,10,2,0,3,3,0.0,6.8724,14.94,14.930100000000031
0,9,1,1,2,2,0.0,12.864,26.8,51.59171999999998
1,12,0,1,2,3,0.0,69.1776,144.12,144.25960000000015
1,8,2,1,3,5,0.2,1.41,7.52,12.436299999999996
0,4,2,1,2,5,0.2,5.798,231.92,311.61903999999964
2,0,1,2,2,3,0.0,37.7874,89.97,140.0437499999998
1,12,0,2,0,2,0.2,2.64,8.448,8.327359999999986
2,13,2,0,1,9,0.2,86.3928,863.928,1139.2972400000012
0,4,2,0,3,2,0.2,-3.8864,77.728,180.9652399999998
2,0,3,0,0,7,0.0,34.9825,139.93,161.56174000000001
1,3,1,1,3,6,0.2,8.8704,25.344,25.18040000000001
1,8,2,1,3,5,0.2,1.1765,7.24,13.201339999999995
1,2,3,0,1,8,0.0,6.4368,23.84,19.23750000000002
2,13,3,0,3,2,0.2,9.2386,105.584,114.99280000000013
1,14,3,1,3,2,0.0,80.6312,310.12,384.52180000000016
1,12,0,0,3,1,0.0,3.99,7.98,8.860400000000006
0,4,3,0,3,4,0.15,-4.8392,411.332,284.7453899999998
0,16,2,1,1,4,0.4,-199.5076,630.024,752.7506199999999
1,3,3,0,0,3,0.2,13.734,36.624,37.93487999999993
1,12,3,0,3,5,0.0,100.4255,204.95,210.2869000000001
1,14,3,1,2,2,0.0,0.0,10.56,220.9370599999998
2,13,1,2,3,2,0.0,147.475,589.9,564.8097000000004
0,9,1,2,2,7,0.0,40.5426,96.53,174.95447999999996
2,13,0,0,3,2,0.0,27.4344,97.98,104.1801000000001
1,1,3,0,3,2,0.0,2.0228,7.78,7.467239999999988
1,2,3,0,3,2,0.2,0.4592,5.248,4.605039999999999
0,9,1,0,0,3,0.0,18.3456,47.04,64.8932
2,0,3,0,3,13,0.0,636.0003,3347.37,1947.0219499999994
0,9,0,1,3,2,0.6,-15.5268,34.504,20.353180000000016
1,2,1,0,3,2,0.2,3.546,15.76,19.98216
1,3,1,0,3,3,0.2,4.872,13.92,14.423440000000012
1,15,3,1,3,5,0.2,4.225,33.8,43.39448000000002
2,13,3,1,2,3,0.2,33.3576,333.576,241.6739199999999
1,2,3,1,3,7,0.0,79.758,265.86,271.5851000000004
1,14,1,2,3,1,0.0,13.071,43.57,84.02589999999996
1,14,2,1,3,5,0.0,9.302,232.55,236.2564400000001
2,13,1,0,2,3,0.4,-31.05,124.2,155.71267999999992
2,0,1,1,3,2,0.2,2.2066,10.384,33.182639999999985
1,1,0,0,3,2,0.0,120.9416,465.16,419.07139999999987
1,12,3,2,3,3,0.2,9.9468,29.472,29.46408
2,13,3,1,3,5,0.2,25.186,71.96,227.30119999999977
0,16,1,1,3,4,0.4,-553.6476,1071.576,1776.453172
0,16,3,1,3,5,0.2,-10.7055,285.48,353.69115999999957
1,2,1,0,3,6,0.2,9.7092,86.304,81.77168
1,3,1,1,1,7,0.7,-8.1312,11.088,11.193929999999991
1,2,0,2,3,3,0.0,12.5118,29.79,36.443500000000014
0,9,1,0,3,3,0.2,15.525,124.2,66.70328
2,0,3,1,0,2,0.0,19.3314,58.58,81.96667999999994
0,9,3,1,0,7,0.0,3.8976,12.18,38.45134
1,12,0,0,2,4,0.2,5.28,16.896,15.973439999999991
2,13,1,1,3,4,0.4,-186.16,859.2,699.9128080000003
2,0,2,0,3,8,0.2,17.6016,74.112,70.33708000000003
1,7,1,0,1,3,0.0,14.67,29.34,29.958699999999993
1,3,1,1,3,3,0.2,16.8237,49.848,49.413679999999985
1,2,0,0,3,3,0.2,5.397,86.352,46.20167999999999
2,13,3,2,0,8,0.2,363.9048,4158.912,2323.387740000001
0,9,0,0,3,1,0.6,-4.04,6.464,7.240560000000003
1,3,2,0,3,3,0.7,-6.0324,8.226,7.722149999999995
1,1,3,1,2,4,0.2,6.4864,64.864,61.95639999999993
1,10,1,1,0,5,0.0,37.0,74.0,78.35070000000002
0,5,0,0,0,2,0.3,-14.8704,520.464,341.3701779999999
1,15,0,0,2,1,0.2,-0.3488,1.744,31.586320000000004
1,3,1,0,3,2,0.0,4.7232,9.84,9.98749999999999
1,2,1,1,3,7,0.2,9.2442,123.256,79.49992000000002
0,16,0,2,0,1,0.3,-22.948,200.795,168.78428399999996
1,3,3,0,3,3,0.2,27.735,88.752,85.14480000000015
1,15,0,1,3,2,0.2,2.502,22.24,21.48268000000001
1,2,0,2,2,4,0.0,20.6336,79.36,68.26113999999998
1,2,1,2,3,2,0.2,0.5904,5.248,5.431679999999999
1,1,3,1,0,2,0.2,3.2432,32.432,29.69891999999999
1,3,1,0,3,2,0.7,-2.6544,3.318,3.5579400000000008
1,14,1,1,3,3,0.2,-43.7292,194.352,257.38669999999996
1,12,2,1,3,3,0.2,3.4668,10.272,10.236079999999992
1,3,0,0,2,4,0.0,5.5664,11.36,11.476299999999988
1,2,1,2,0,4,0.0,2.0416,7.04,11.867119999999991
2,6,3,0,3,2,0.2,59.998,479.984,543.8194199999994
1,12,0,2,2,3,0.2,5.6376,15.552,15.708799999999982
0,9,3,0,3,4,0.0,8.2992,19.76,25.343700000000013
1,3,3,0,3,3,0.7,-12.8961,16.821,18.751259999999988
1,14,0,0,3,2,0.0,6.465,129.3,62.918520000000015
0,4,3,0,3,7,0.7,-786.744,590.058,1046.5832299999997
1,3,0,1,3,7,0.8,-46.9952,29.372,30.130939999999967
1,14,3,0,2,3,0.0,0.6102,61.02,34.49120000000002
1,2,1,2,3,3,0.0,17.1678,66.03,63.19844000000006
1,12,3,1,1,2,0.0,5.616,12.48,11.879399999999997
1,1,2,1,2,3,0.2,1.8207,20.808,22.277599999999993
1,15,1,0,3,10,0.0,26.598,102.3,323.87701999999996
1,14,2,0,1,9,0.2,-33.8418,150.408,303.6691799999999
0,5,3,0,3,5,0.2,17.745,283.92,302.82100500000007
2,13,1,0,1,2,0.4,-89.089,485.94,392.7422389999998
1,2,1,2,3,1,0.0,0.738,1.64,2.951960000000002
0,5,2,0,3,5,0.2,0.0,2803.92,498.2174549999992
0,5,0,0,3,3,0.3,-23.7822,128.058,285.1792160000002
2,13,2,0,3,1,0.2,14.595,116.76,179.26952000000009
1,2,1,0,3,2,0.0,2.0672,6.08,6.073800000000001
2,0,1,0,3,2,0.0,57.5928,159.98,191.25609999999978
1,1,3,0,3,2,0.0,19.488,64.96,79.31395999999998
0,5,0,2,0,7,0.3,-87.3418,470.302,482.63950800000015
1,7,3,0,3,2,0.0,78.8942,167.86,171.68789999999976
1,12,1,1,3,5,0.0,28.858,61.4,62.10899999999999
1,12,3,1,2,3,0.0,36.4044,79.14,78.60730000000014
0,9,3,2,3,6,0.0,106.5408,665.88,411.21041999999994
2,13,2,1,3,8,0.0,26.7904,95.68,392.22646000000003
1,3,0,0,3,4,0.8,-1850.9464,1088.792,1342.163020000001
1,10,2,0,3,2,0.2,5.796,16.56,15.903280000000004
2,0,1,1,0,3,0.0,7.3479,104.97,54.89405999999999
1,14,3,0,3,1,0.0,16.7886,62.18,110.62260000000009
2,0,2,1,2,9,0.0,517.4793,2249.91,1697.0114199999994
1,12,0,1,3,2,0.0,100.656,209.7,226.72980000000018
0,9,0,1,3,2,0.0,2.9568,6.16,6.615440000000001
1,2,2,1,2,7,0.0,6.6584,22.96,22.578600000000016
2,13,1,0,0,6,0.0,224.4426,773.94,886.9955199999993
1,2,2,2,3,3,0.2,4.8525,15.528,33.64144000000001
0,4,3,0,3,5,0.15,6.549,556.665,445.44679999999926
1,3,0,1,2,2,0.0,3.3088,7.04,7.057999999999998
1,2,1,2,3,3,0.2,1.1556,10.272,9.264139999999998
1,1,0,0,3,2,0.8,-62.3792,23.992,26.48504000000001
2,0,0,0,1,3,0.2,-4.908,39.264,82.54018000000005
1,15,1,0,3,3,0.0,7.1586,357.93,111.05269999999994
1,2,0,1,3,3,0.2,0.4641,5.304,4.718059999999997
1,3,2,0,3,3,0.0,23.9169,48.81,49.80569999999995
1,12,2,0,3,2,0.2,5.5674,16.496,16.290320000000005
1,2,1,1,0,5,0.0,9.3,37.2,25.322900000000015
1,15,3,0,3,4,0.0,8.6736,33.36,87.00549999999993
1,12,3,2,0,6,0.2,10.8864,31.104,31.141919999999967
2,13,3,1,3,3,0.2,22.5576,225.576,270.41656000000006
1,3,2,1,0,3,0.0,8.0352,16.74,17.57980000000002
1,12,2,1,3,3,0.0,60.2553,122.97,123.28819999999982
0,9,1,0,3,3,0.2,34.974,466.32,185.27571999999998
1,14,0,1,0,2,0.0,54.0876,386.34,593.2508000000001
2,13,3,0,0,2,0.2,50.12,572.8,628.510279999999
0,5,3,0,0,2,0.2,-8.0784,161.568,153.42404999999985
1,2,1,0,2,3,0.2,1.239,9.912,11.26248
1,2,2,1,0,3,0.2,1.5522,9.552,12.303780000000001
1,2,1,2,2,4,0.2,2.7984,37.312,16.794800000000002
1,12,0,0,2,2,0.0,6.2208,12.96,12.972000000000016
1,12,3,0,3,4,0.0,10.6428,21.72,22.552099999999992
2,0,1,1,2,4,0.2,33.5892,116.832,157.7078000000002
1,1,3,0,0,2,0.0,60.49,241.96,171.97500000000008
1,3,0,0,3,5,0.8,-14.773,8.69,8.737319999999997
1,12,2,0,1,2,0.2,4.995,15.984,15.136799999999996
1,12,0,1,2,2,0.0,9.6914,20.62,20.39790000000001
1,2,1,1,3,2,0.0,2.004,6.68,5.143599999999999
1,10,1,1,3,6,0.0,10.8,22.5,22.998800000000003
1,10,3,2,1,4,0.0,19.872,41.4,41.014
1,1,0,0,3,2,0.8,-12.09,4.836,6.331039999999998
1,3,2,0,2,8,0.7,-10.6176,13.272,14.085900000000002
2,0,0,2,0,5,0.0,143.982,399.95,514.6392999999995
2,0,0,0,3,1,0.0,29.988,142.8,93.7905999999999
1,7,3,0,3,1,0.2,4.2309,12.536,12.50712
1,12,3,1,3,3,0.0,9.3312,19.44,19.44000000000004
1,14,1,1,2,4,0.0,108.1752,772.68,559.4594000000002
1,2,1,2,2,1,0.2,0.2996,3.424,2.5801199999999977
1,12,2,1,0,1,0.2,11.2404,31.008,33.391920000000006
1,2,1,0,0,1,0.2,0.4264,2.624,3.31963
1,3,3,2,3,5,0.2,13.473,39.92,40.49783999999997
1,14,0,0,1,4,0.2,4.9632,49.632,68.35484000000001
1,1,1,1,0,2,0.2,12.41,99.28,92.38484000000004
1,14,3,2,3,3,0.0,56.301,1126.02,679.3773999999996
0,9,0,2,2,4,0.6,-2.1376,5.344,10.149719999999995
1,3,0,1,3,1,0.8,-10.4214,6.316,6.156079999999998
1,1,1,1,2,3,0.2,14.3952,143.952,86.76595999999999
0,16,3,0,3,5,0.5,-448.896,801.6,686.1806699999993
2,0,3,0,0,4,0.0,85.9828,199.96,197.5641
1,7,1,1,0,3,0.0,3.9102,7.98,9.452599999999995
1,12,3,0,2,3,0.0,8.4966,17.34,17.471000000000004
2,0,2,1,2,6,0.0,258.696,646.74,957.7755999999998
1,2,2,0,3,7,0.0,10.465,41.86,35.121700000000004
2,0,1,0,0,2,0.2,14.3952,47.984,62.05914
1,14,0,2,2,7,0.2,13.8572,158.368,343.17369999999994
1,12,3,1,3,2,0.0,5.8604,11.96,12.028100000000016
2,0,0,0,3,7,0.2,-0.6265,50.12,50.071699999999986
1,10,0,2,3,6,0.0,14.4354,29.46,30.362099999999987
2,0,2,0,3,5,0.0,19.996,249.95,88.63669999999996
0,5,2,0,3,2,0.0,51.8292,191.96,197.2042599999999
1,3,2,1,3,2,0.7,-13.3936,18.264,18.34292999999999
1,14,0,2,3,2,0.2,2.3952,23.952,28.227420000000023
1,3,1,0,2,8,0.7,-8.6592,11.808,11.431289999999995
1,14,0,0,3,7,0.0,24.843,496.86,141.04470000000003
2,13,1,1,3,2,0.0,93.5948,359.98,339.4257999999999
1,7,2,1,2,3,0.0,25.47,50.94,52.27270000000004
2,0,0,2,3,5,0.0,111.591,619.95,549.2493999999992
0,9,2,0,3,4,0.0,34.9888,318.08,117.20229999999997
2,13,1,0,1,4,0.0,78.3888,279.96,283.11540000000014
1,14,3,0,2,3,0.0,8.4888,31.44,39.03970000000003
1,14,1,0,3,2,0.0,105.2468,362.92,420.4085999999995
2,13,0,0,3,4,0.2,62.988,167.968,452.02903999999995
1,2,1,0,2,6,0.2,0.9282,10.608,12.13616
0,16,0,2,3,3,0.5,-269.3376,480.96,569.1131450000006
1,14,2,0,1,2,0.2,-0.7748,4.768,27.145539999999997
1,2,3,2,3,1,0.0,0.7228,2.78,2.9191800000000017
1,12,3,0,3,2,0.0,5.0688,10.56,11.708400000000005
1,2,2,0,3,1,0.2,1.0738,3.304,4.916019999999995
1,12,2,0,2,3,0.2,3.21,10.272,10.20416000000002
1,3,0,0,3,7,0.0,9.8784,20.16,20.501700000000024
1,3,2,1,3,4,0.7,-14.0928,17.616,18.21915
0,16,0,0,3,4,0.3,-97.4988,974.988,627.90894
1,12,2,1,3,4,0.0,7.68,16.0,16.61819999999999
2,13,2,0,3,7,0.2,70.5544,705.544,676.9721800000001
1,12,2,0,2,5,0.2,2.943,8.72,8.645239999999994
1,2,3,0,3,8,0.0,25.8984,95.92,101.47599999999998
0,9,1,0,1,3,0.0,6.0288,18.84,19.26584
1,14,3,0,3,4,0.0,0.8792,87.92,76.8092
1,10,3,0,3,2,0.0,2.8224,5.76,5.77099999999999
1,2,3,1,3,2,0.0,4.2048,11.68,11.41509999999999
1,2,0,2,0,7,0.0,10.6288,40.88,34.42129999999999
1,8,0,0,1,8,0.2,2.256,12.032,13.37176
2,0,3,2,3,5,0.0,58.65,345.0,180.2428999999999
1,12,3,1,1,2,0.0,53.8608,109.92,111.21079999999998
0,9,1,2,0,2,0.2,1.7352,7.712,13.067960000000003
1,7,1,0,3,3,0.2,1.6524,4.896,4.980820000000005
1,2,3,0,0,1,0.0,7.2744,25.98,23.91289999999999
1,3,1,0,3,11,0.2,17.6418,52.272,51.54999999999999
1,12,0,0,3,3,0.0,5.778,12.84,12.648099999999998
1,3,0,1,3,8,0.0,15.5288,33.04,33.690899999999985
0,5,2,2,3,2,0.0,35.49,141.96,212.3755399999996
0,4,3,0,3,3,0.15,3.9294,333.999,358.0168399999999
2,13,1,0,3,3,0.4,-24.4764,122.382,113.77207999999993
1,12,1,2,3,3,0.2,15.9348,45.528,46.16351999999999
1,12,2,0,3,7,0.2,40.0036,123.088,121.43448000000011
1,2,2,2,3,2,0.0,1.4796,5.48,4.980559999999997
2,0,3,0,3,4,0.2,-6.534,58.08,96.8047200000001
1,14,3,1,2,6,0.0,34.3548,572.58,405.1468000000007
1,3,0,0,0,2,0.8,-1.476,0.984,0.9487600000000002
2,0,1,1,3,3,0.0,9.0171,20.97,58.49963999999998
0,9,3,1,2,5,0.0,13.832,36.4,45.590520000000005
1,10,3,1,2,3,0.0,22.2,44.4,44.82950000000002
1,2,3,0,3,4,0.0,6.9552,16.56,22.731500000000004
1,12,2,2,1,9,0.0,170.9316,348.84,437.6065000000003
1,12,3,0,3,4,0.0,92.2368,192.16,193.7077999999999
1,3,2,2,3,3,0.0,48.3771,102.93,105.00510000000006
2,0,2,0,3,2,0.2,0.4752,1.584,40.91407999999997
1,2,3,1,2,1,0.2,0.8162,9.328,5.189019999999996
2,13,2,0,2,5,0.0,58.812,226.2,212.44480000000004
1,2,1,0,3,9,0.0,7.371,16.38,22.0723
1,2,3,0,3,4,0.0,21.252,46.2,71.80536
0,9,2,1,3,4,0.0,11.1776,39.92,43.04388000000005
1,2,2,0,3,2,0.0,1.4456,5.56,5.2066
1,3,3,1,2,3,0.2,4.0986,12.144,11.963040000000008
2,0,1,2,2,9,0.0,517.4793,2249.91,1671.8427199999996
1,1,1,1,2,3,0.0,3.4086,13.11,16.112460000000002
1,14,0,1,3,4,0.0,130.87,523.48,604.9546999999999
1,15,1,2,3,2,0.0,2.19,7.3,21.81999999999999
0,4,0,0,0,2,0.32,-52.8908,156.3728,326.681316
1,12,3,1,3,4,0.0,48.5392,105.52,105.0510000000002
2,13,2,0,3,2,0.2,10.8784,108.784,123.33790000000012
2,13,3,1,3,6,0.2,5.3964,71.952,77.42122000000005
1,12,3,0,0,5,0.0,69.705,154.9,154.3672999999998
2,6,3,1,1,5,0.2,839.986,2399.96,2488.6686499999983
0,9,1,0,3,4,0.0,76.9816,187.76,280.1231
1,12,1,1,2,5,0.2,13.9185,41.24,40.52352000000004
1,7,3,2,1,2,0.0,7.4872,15.28,15.30299999999998
1,2,2,1,3,5,0.2,4.1965,47.96,45.51808000000001
1,12,3,0,2,4,0.0,9.7608,19.92,20.522600000000022
1,14,3,1,3,2,0.0,61.389,323.1,325.7204999999994
1,12,3,1,2,2,0.0,9.6632,20.56,20.457199999999993
0,9,0,0,0,3,0.0,40.416,126.3,201.2512599999999
1,12,0,0,1,5,0.2,6.6,21.12,19.304319999999997
1,3,2,1,3,2,0.0,14.9156,30.44,30.425399999999996
1,2,3,1,2,2,0.0,1.3416,5.16,5.0496000000000025
1,12,2,0,3,6,0.0,20.9664,43.68,45.347800000000014
0,9,3,2,3,3,0.0,5.1816,15.24,16.62039999999999
1,1,2,1,2,4,0.2,48.632,389.056,466.5598500000004
1,12,3,2,3,2,0.0,45.9754,97.82,97.33939999999991
2,13,1,2,3,1,0.4,-0.6435,2.97,17.78378
0,5,0,0,3,1,0.0,47.0548,180.98,223.6037599999998
2,0,3,1,2,4,0.0,21.0,100.0,102.86821999999992
2,13,2,1,3,2,0.2,71.99,575.92,689.3237599999998
0,9,0,2,3,1,0.6,-1.3208,2.032,3.29356
1,14,1,1,2,5,0.0,16.194,269.9,88.49269999999999
1,7,1,0,2,3,0.0,8.7906,17.94,17.944600000000033
2,13,2,1,3,2,0.2,25.1944,71.984,284.6908000000001
1,1,3,1,2,5,0.0,40.274,154.9,160.40083000000004
1,12,0,0,2,5,0.0,11.88,26.4,26.14020000000004
2,0,0,2,3,3,0.2,3.462,27.696,29.811860000000006
1,3,3,0,0,9,0.2,42.4647,117.144,125.32616000000002
1,12,0,0,3,3,0.2,5.4432,15.552,15.551999999999978
0,9,2,1,3,3,0.2,14.2992,63.552,61.25220000000001
1,2,3,1,2,5,0.0,8.6855,29.95,25.44289999999999
2,13,0,0,3,4,0.2,-7.008,35.04,140.3854200000001
0,16,3,0,2,2,0.0,44.7096,171.96,321.7631199999999
0,9,1,0,3,9,0.2,11.6496,58.248,70.50620000000006
1,3,3,1,2,3,0.2,11.5587,34.248,34.34279999999998
1,12,2,0,3,6,0.0,120.5106,245.94,266.8186800000001
1,3,1,1,3,4,0.0,30.52,61.04,63.60229999999997
1,10,1,0,0,2,0.2,2.1,6.0,6.050880000000001
0,9,2,0,0,1,0.2,4.7712,18.176,30.285040000000023
1,1,0,2,3,5,0.8,-123.858,68.81,51.75183999999999
1,2,0,2,3,3,0.2,1.002,8.016,7.935119999999996
2,0,0,0,3,3,0.2,-4.9005,43.56,52.40311999999999
0,5,3,1,3,2,0.2,28.1372,321.568,328.5425799999999
1,12,1,0,0,4,0.0,12.4416,25.92,26.01260000000003
1,7,3,0,0,5,0.2,36.693,108.72,103.38816000000003
2,13,3,1,3,5,0.2,-20.691,91.96,153.73358
1,12,3,1,2,6,0.0,15.336,34.08,33.1132
2,13,1,0,3,4,0.0,1.356,67.8,63.77920000000005
0,5,1,0,3,3,0.0,18.1764,302.94,231.10683000000026
1,3,1,0,2,3,0.7,-3.4272,4.896,4.774980000000001
0,4,2,0,3,2,0.2,0.0,241.568,380.67166666666634
0,16,0,1,3,5,0.3,-121.8735,1218.735,748.6043960000007
1,2,2,1,3,7,0.0,59.115,197.05,196.59730000000002
2,0,3,1,3,5,0.0,118.983,349.95,433.21209999999957
1,14,2,1,2,2,0.2,3.9592,45.248,57.968060000000015
1,3,1,0,0,4,0.0,23.31,51.8,50.21679999999995
2,11,0,1,2,7,0.4,-251.9958,2519.958,1162.729320000001
2,0,2,0,3,2,0.2,13.1956,47.984,63.45346000000001
1,1,0,0,2,2,0.8,-13.58,5.432,6.3953999999999995
1,2,2,1,2,4,0.2,12.3144,140.736,87.95424000000003
1,3,2,2,0,4,0.7,-26.2476,34.236,38.080420000000025
2,13,3,2,2,8,0.2,49.2576,140.736,571.7476800000002
1,2,3,1,3,3,0.0,7.86,31.44,26.95780000000001
2,13,0,0,2,3,0.0,37.758,134.85,210.40110000000013
1,3,3,0,3,3,0.2,11.673,31.128,35.57967999999999
0,9,0,1,2,5,0.0,27.608,95.2,151.29664
0,9,1,0,3,4,0.2,7.6416,25.472,40.74014000000002
1,10,3,0,2,2,0.0,14.8,29.6,29.85289999999996
1,2,3,1,3,5,0.0,44.975,179.9,162.71980000000016
1,3,1,0,3,2,0.2,8.9544,25.584,25.681120000000007
1,12,0,0,3,3,0.0,10.0878,21.93,21.705500000000015
1,3,0,0,3,5,0.8,-17.248,10.78,10.699259999999986
1,15,1,1,1,2,0.0,0.1472,7.36,8.366760000000003
1,12,0,1,3,10,0.2,18.144,51.84,54.312639999999995
1,3,2,1,2,5,0.0,11.086,24.1,23.26120000000002
1,7,3,1,0,1,0.2,3.1842,8.784,9.234719999999996
1,14,3,1,3,3,0.0,10.4496,37.32,125.44009999999999
1,3,0,0,3,5,0.8,-65.568,40.98,43.15950000000004
1,1,1,0,0,7,0.0,80.3208,286.86,262.0181000000003
2,13,1,0,3,7,0.0,220.4825,881.93,829.7790000000008
1,3,2,2,0,3,0.0,29.2857,62.31,61.38313999999994
0,9,1,0,2,6,0.2,28.5984,127.104,108.80770000000015
1,14,3,0,3,3,0.0,0.9468,23.67,71.14331999999996
1,2,1,2,0,3,0.0,9.7119,35.97,35.30290000000001
1,14,0,0,0,3,0.0,9.7164,161.94,156.99782000000013
1,14,3,0,1,3,0.0,13.8915,51.45,86.40639999999993
1,12,1,2,0,5,0.0,15.552,32.4,32.501000000000055
1,12,2,1,3,2,0.2,3.7408,10.688,10.628
1,3,0,1,2,3,0.8,-6.237,3.564,3.5303200000000015
1,8,3,2,2,3,0.0,0.1674,5.58,12.606639999999995
2,0,2,2,3,10,0.2,239.976,799.92,1715.4671199999993
1,2,1,1,3,3,0.0,2.214,4.92,7.727780000000008
1,1,3,2,3,1,0.0,2.9646,10.98,13.65452
1,12,0,0,0,2,0.0,5.7624,11.76,11.80689999999999
0,9,1,1,0,4,0.0,14.7,35.0,66.95322000000002
1,3,0,2,3,3,0.8,-3.0396,1.788,1.918820000000001
1,10,1,0,2,3,0.0,10.3071,21.93,22.096700000000002
2,0,3,2,3,2,0.2,-3.094,35.36,40.943580000000026
0,16,0,0,3,3,0.5,-131.445,219.075,208.99859699999988
0,9,0,1,0,3,0.6,-5.8248,9.708,10.174759999999996
1,14,3,0,0,3,0.0,39.213,130.71,271.1437600000003
2,13,3,1,0,7,0.2,257.5944,2575.944,1991.2507600000004
1,1,1,2,3,7,0.2,18.396,98.112,173.7212800000001
0,9,3,0,3,2,0.2,3.9512,14.368,16.20448
1,3,0,2,2,3,0.8,-5.823,3.882,3.5858600000000025
1,14,2,0,0,1,0.2,-8.8038,39.128,61.3416
2,13,0,0,0,6,0.2,341.994,2735.952,2145.4799999999996
0,9,0,0,3,2,0.6,-1.6752,5.584,4.754020000000002
1,3,0,2,2,2,0.8,-2.667,1.524,1.7183999999999993
0,5,3,1,3,3,0.2,89.2224,892.224,735.7503599999998
0,5,3,2,1,8,0.2,256.784,2054.272,1988.46749
1,2,1,0,3,3,0.0,3.0996,7.56,10.248620000000006
1,8,1,1,2,7,0.0,6.8943,14.07,14.85520000000001
0,9,1,2,3,3,0.2,0.0,254.352,217.06944000000004
2,0,3,1,3,2,0.0,11.151,31.86,45.986599999999996
1,12,0,0,2,7,0.2,15.9425,51.016,46.24423999999999
0,5,0,2,3,3,0.3,-90.3762,275.058,392.389056
0,5,2,2,2,4,0.0,188.2192,723.92,710.7823900000002
1,7,0,2,3,3,0.0,17.253,38.34,35.52140000000003
1,2,0,0,2,3,0.0,35.6238,131.94,107.63359999999999
1,3,3,1,3,2,0.2,4.3308,12.832,12.894640000000017
0,16,2,0,3,5,0.45,-383.031,957.5775,761.5203699999993
0,9,2,1,3,4,0.2,9.3504,31.168,39.98288
0,5,1,2,3,3,0.0,141.1644,542.94,582.7802000000001
1,3,3,1,0,5,0.2,302.373,895.92,966.9607799999991
1,3,0,2,3,9,0.8,-14.1696,8.856,8.861200000000004
1,14,0,1,3,2,0.0,4.872,32.48,58.352399999999996
1,2,3,0,3,5,0.0,13.452,35.4,40.894400000000054
1,10,1,2,2,8,0.2,6.2424,18.496,18.27552
0,9,3,1,3,3,0.0,41.4456,148.02,164.46738000000002
1,14,2,0,3,1,0.0,0.3156,7.89,27.93713999999999
0,4,1,0,3,3,0.2,9.0882,242.352,291.9096999999998
1,12,3,0,2,3,0.2,5.6376,15.552,15.74663999999998
1,10,0,1,3,4,0.2,5.1792,15.936,15.828319999999984
1,1,3,0,3,3,0.0,42.8148,152.91,129.54712
1,8,1,0,3,4,0.0,5.056,15.8,13.061599999999993
2,13,3,2,0,3,0.2,25.497,203.976,316.57776
1,12,2,2,2,7,0.2,13.0928,37.408,39.617279999999965
2,13,3,0,0,5,0.2,50.396,503.96,639.2195199999993
1,3,0,1,2,8,0.0,52.38,116.4,114.2718000000001
1,12,2,1,3,4,0.2,7.2576,20.736,20.736000000000043
1,3,2,0,3,1,0.7,-8.6058,12.294,11.53281000000001
1,14,3,1,3,6,0.0,63.4368,226.56,349.31579999999974
0,16,0,0,2,3,0.5,-209.7693,268.935,357.22605000000044
1,2,1,0,2,3,0.0,7.9248,30.48,25.594199999999987
1,14,3,0,2,3,0.0,23.9688,99.87,100.08450000000005
1,14,1,1,3,2,0.2,-29.4368,147.184,159.24811999999977
1,2,3,0,3,4,0.0,3.456,11.52,11.513819999999996
1,14,1,0,3,1,0.0,20.84,83.36,189.3829000000001
2,11,1,0,0,2,0.7,-2639.9912,1799.994,3801.348189999995
0,9,0,2,3,3,0.6,-17.7072,22.848,33.080360000000006
1,12,3,1,3,8,0.0,84.0512,182.72,184.6393999999999
1,12,1,0,2,4,0.2,5.5216,15.232,16.224239999999988
2,13,3,1,2,3,0.2,7.1976,71.976,100.05679999999998
1,15,1,0,0,2,0.0,0.1744,4.36,8.136640000000003
1,10,0,1,3,3,0.2,2.9889,8.856,8.94168
0,9,1,1,3,5,0.0,83.733,214.7,320.9291999999998
1,14,1,0,0,2,0.2,-55.256,221.024,276.24516000000017
1,2,1,2,2,4,0.0,4.9648,17.12,15.071900000000003
2,0,3,1,0,7,0.0,76.272,254.24,210.14749999999987
1,2,1,1,0,6,0.0,35.712,119.04,127.16921999999991
1,12,1,1,0,3,0.2,28.7064,85.056,84.01303999999989
1,2,2,1,3,3,0.2,4.5873,40.776,42.809199999999976
1,12,3,1,3,5,0.2,34.294,105.52,99.34672
0,5,3,1,2,3,0.2,13.7646,122.352,221.82290000000012
2,0,3,0,3,2,0.0,10.5,50.0,52.93926000000001
1,3,0,0,3,5,0.0,8.9535,19.05,19.79810000000001
1,14,0,0,1,3,0.2,-44.1552,220.776,220.16551600000005
1,3,1,0,0,6,0.7,-27.6936,37.764,40.224810000000055
1,12,2,1,3,6,0.2,10.8864,31.104,31.113759999999967
1,3,3,2,3,4,0.2,9.4284,27.936,27.8004
1,3,2,0,2,8,0.7,-8.2368,11.232,11.09384999999999
1,10,0,0,1,1,0.2,4.44,11.84,12.323200000000009
1,10,3,1,3,3,0.0,4.0749,8.67,8.826300000000005
1,1,3,2,3,1,0.0,2.2412,8.62,8.7494
0,9,3,0,3,3,0.0,4.4352,9.24,11.1626
0,9,2,0,3,4,0.0,11.58,38.6,39.06668000000004
1,12,1,0,3,7,0.0,21.7728,45.36,45.48580000000001
0,9,3,0,3,6,0.0,122.7648,383.64,722.4394000000003
0,9,2,0,3,3,0.2,14.3136,54.528,55.98588000000008
2,13,3,2,0,3,0.2,15.1116,43.176,149.93513999999985
2,0,1,2,2,2,0.2,91.9954,319.984,462.7860799999999
0,9,1,0,3,8,0.0,28.0192,63.68,87.81363999999998
1,2,0,0,3,2,0.0,1.6896,3.52,4.898399999999994
1,12,3,0,1,1,0.0,9.3906,19.98,19.424400000000013
2,13,0,0,3,9,0.0,123.4548,440.91,501.25849999999986
1,14,0,2,3,8,0.2,-172.7328,727.296,713.8800280000002
1,12,0,1,3,2,0.0,4.752,10.56,10.510599999999977
0,9,1,2,1,4,0.2,7.4368,21.248,36.45891999999999
1,10,2,1,3,1,0.0,3.4357,7.31,7.357499999999995
1,3,1,0,3,5,0.2,9.3125,29.8,27.69800000000001
1,12,3,1,3,4,0.0,9.504,21.12,19.9217
1,2,3,2,0,5,0.2,6.603,88.04,54.49103999999999
2,0,0,0,3,9,0.2,-26.946,431.136,290.2044000000002
1,14,1,1,3,2,0.0,6.465,129.3,53.271740000000015
1,2,1,1,0,2,0.0,1.0904,3.76,3.8130399999999973
1,12,0,1,3,3,0.0,8.4966,17.34,17.33299999999998
1,12,1,0,3,1,0.0,3.1104,6.48,6.480000000000009
2,13,3,0,0,5,0.2,125.997,1679.96,1100.2072200000002
1,15,2,0,2,1,0.0,1.9629,7.27,11.861899999999997
1,12,2,0,0,2,0.0,6.2208,12.96,12.968000000000018
1,12,1,0,1,4,0.0,12.4416,25.92,25.993400000000033
1,12,0,0,3,3,0.0,49.9704,106.32,106.1471999999999
1,1,2,0,0,4,0.0,56.3528,194.32,200.47209999999993
1,14,0,0,3,9,0.2,97.3026,1297.368,1074.7636000000002
1,7,2,2,2,2,0.2,4.4312,12.224,12.388960000000003
1,12,3,1,3,9,0.0,30.2634,65.79,62.00919999999997
1,12,0,1,3,4,0.0,107.7216,219.84,242.40719999999976
2,13,2,1,3,8,0.2,5.5944,63.936,53.09710000000002
1,1,0,0,3,3,0.0,218.2518,839.43,639.2001000000005
1,12,2,1,2,4,0.2,7.2576,20.736,20.736000000000043
1,14,1,0,0,4,0.2,3.9296,39.296,46.43128000000001
1,8,0,0,3,1,0.2,0.7776,2.304,2.7711799999999993
1,12,1,0,1,2,0.2,3.7408,10.688,10.6472
0,5,0,1,0,5,0.3,0.0,528.43,798.0586024999998
2,0,1,0,3,6,0.0,206.316,468.9,613.0056400000007
1,2,1,2,3,8,0.2,1.2672,11.264,16.059939999999987
1,3,3,0,0,1,0.2,0.504,1.44,2.4933899999999984
0,9,3,0,3,5,0.0,14.896,53.2,92.42841999999999
0,9,1,1,3,1,0.0,3.792,9.48,24.664579999999987
2,13,0,2,3,1,0.0,1.375,5.5,28.649119999999986
1,2,0,0,3,4,0.2,4.2408,17.856,49.58496000000001
2,11,2,2,3,6,0.5,-1811.0784,22638.48,4323.644029999994
0,5,0,0,3,4,0.3,-56.996,797.944,523.0371840000007
1,14,3,1,3,5,0.2,5.955,79.4,85.80392000000008
1,12,0,1,3,2,0.0,6.2208,12.96,13.009200000000012
1,14,0,2,1,4,0.0,44.4704,171.04,231.87200000000018
0,9,1,0,0,2,0.2,-3.6892,147.568,62.68424000000004
2,13,0,0,0,2,0.2,15.0384,150.384,188.92207999999994
1,8,2,2,0,2,0.2,2.3976,7.104,8.162800000000006
1,3,1,0,1,3,0.7,-3.462,5.193,4.727400000000002
1,12,3,1,3,3,0.2,23.235,74.352,71.04815999999997
1,2,0,1,3,2,0.2,6.1572,70.368,56.785520000000005
1,3,1,2,3,4,0.2,3.2944,9.088,9.588580000000002
1,3,3,1,3,9,0.2,942.8157,2793.528,2752.020059999998
0,9,1,2,3,1,0.0,11.7568,26.72,57.007100000000015
1,10,3,1,0,8,0.0,27.4856,58.48,58.386099999999914
0,4,2,0,2,2,0.0,41.9136,261.96,192.37649999999968
1,1,2,0,3,4,0.0,55.0584,203.92,186.53879999999992
2,0,0,0,3,2,0.2,7.264,58.112,40.812400000000046
2,0,1,2,0,1,0.0,2.3086,6.79,24.67595999999998
2,13,3,0,3,5,0.2,125.3,1432.0,1079.4955200000006
0,5,3,2,1,3,0.2,13.7646,122.352,200.70975000000007
0,9,1,1,3,3,0.0,12.993,129.93,68.57799999999996
0,5,1,0,3,2,0.3,-1.2178,85.246,142.92881999999992
0,5,0,0,3,3,0.3,-96.1146,747.558,422.31622799999974
0,9,0,2,3,3,0.6,-10.1736,22.608,21.67099999999998
2,6,0,0,3,3,0.2,161.9919,479.976,561.6590800000001
1,14,1,1,3,2,0.0,0.0,81.96,95.38181999999986
0,16,0,0,0,5,0.3,-81.3065,517.405,514.5732999999999
1,12,3,1,3,7,0.2,111.5688,307.776,353.9624000000001
1,3,3,1,3,6,0.2,5.715,18.288,16.37576
1,12,1,1,0,2,0.2,29.364,78.304,79.04368000000005
2,0,2,1,3,3,0.0,18.0,75.0,60.435539999999975
0,4,1,1,3,3,0.0,38.2668,173.94,283.3024599999997
2,13,3,0,3,4,0.2,51.996,415.968,542.3933599999996
2,13,2,0,0,5,0.2,0.693,7.92,25.221740000000008
1,3,0,1,3,1,0.8,-1.3376,0.836,0.8451999999999997
2,0,3,0,0,2,0.0,10.9494,99.54,49.04972
1,3,0,0,3,2,0.8,-2.0264,1.192,1.2512600000000018
1,2,3,0,0,2,0.0,12.298,47.3,36.88729999999996
1,8,0,0,3,2,0.2,0.5668,3.488,2.9164200000000005
1,3,3,0,2,5,0.2,4.176,11.52,12.224080000000008
1,3,1,0,3,3,0.7,-27.735,33.282,37.76333000000002
1,2,0,0,3,2,0.2,1.168,9.344,9.576400000000005
1,10,1,1,3,2,0.0,9.936,20.7,20.74760000000003
1,12,2,1,3,3,0.2,23.235,74.352,71.48383999999994
2,0,0,0,3,3,0.2,1.7991,47.976,56.86622000000002
1,2,3,0,3,2,0.0,1.9024,6.56,6.349199999999992
1,3,1,0,3,2,0.0,331.191,735.98,793.4262200000003
0,9,2,2,3,4,0.0,7.3788,18.92,25.92110000000001
2,0,3,1,3,2,0.0,57.5928,159.98,165.26689999999974
2,11,3,1,0,2,0.2,53.272,532.72,518.7446799999997
1,14,0,0,3,3,0.0,0.4074,40.74,36.672919999999934
1,1,0,0,3,2,0.0,22.9488,81.96,76.09721000000002
1,7,3,0,3,1,0.0,3.7436,7.64,8.140799999999995
1,14,1,1,3,6,0.2,-50.8704,254.352,296.87827999999973
2,0,2,0,3,3,0.2,10.896,87.168,54.031119999999994
0,4,1,0,0,2,0.2,-10.0196,801.568,160.47491399999993
2,13,2,1,3,2,0.2,27.1032,361.376,311.9355999999998
2,0,3,0,3,2,0.0,35.156,79.9,126.04351999999989
1,1,3,1,3,2,0.2,3.0144,30.144,29.357559999999992
1,12,1,2,2,3,0.0,28.1718,59.94,60.36259999999991
2,13,0,2,0,2,0.0,3.9906,14.78,73.71723999999993
1,2,2,0,0,5,0.0,45.487,174.95,166.83458000000024
1,14,1,2,3,1,0.2,3.246,43.28,37.225740000000016
0,9,1,1,3,3,0.0,14.9292,124.41,113.0112
1,14,0,0,3,3,0.2,-47.2542,540.048,323.4295499999999
0,5,3,0,1,1,0.2,10.8588,144.784,112.5910299999999
2,0,3,0,0,3,0.0,37.7874,89.97,141.99633999999992
1,2,1,1,0,4,0.2,8.6744,99.136,78.08064
1,10,3,2,3,4,0.0,5.6448,11.52,11.825599999999985
1,12,1,0,3,3,0.2,4.1148,12.192,12.022400000000003
1,2,1,0,3,3,0.0,1.4742,5.46,5.775379999999997
0,9,0,0,3,5,0.6,-150.414,139.92,141.32482999999976
1,12,3,0,3,6,0.0,18.6624,38.88,38.96020000000008
0,9,1,1,1,5,0.0,75.68,756.8,241.39910000000012
1,12,3,1,3,4,0.0,42.0256,91.36,91.11259999999993
1,3,0,0,3,7,0.8,-18.2525,10.43,10.684379999999983
0,9,1,0,2,2,0.0,20.1248,52.96,121.12229999999985
2,0,3,0,3,6,0.2,-26.8758,238.896,220.99844000000002
1,12,3,0,1,5,0.0,13.455,29.9,30.103900000000014
0,9,1,0,3,5,0.2,6.2905,21.88,38.74440000000001
2,13,1,0,3,1,0.0,187.797,625.99,693.3864000000004
1,3,1,1,2,5,0.7,-15.44,23.16,20.315319999999982
1,7,1,0,3,3,0.2,9.585,30.672,27.09663999999999
2,0,2,2,3,14,0.0,64.3678,279.86,249.83335000000005
1,8,1,2,2,6,0.0,0.3024,7.56,16.672379999999997
1,3,3,0,3,7,0.2,3.528,10.08,11.093020000000003
0,9,3,0,0,2,0.0,3.0096,8.36,8.204179999999997
2,11,2,0,3,3,0.5,-944.9946,2624.985,1313.8233100000004
1,10,0,1,0,4,0.2,17.76,47.36,50.77703999999998
1,2,1,0,3,3,0.2,0.5904,7.872,6.499680000000007
1,14,0,2,3,2,0.2,-14.8832,74.416,109.82549999999988
1,3,1,0,3,3,0.0,7.9086,16.14,16.981700000000018
2,0,1,1,0,10,0.0,191.968,599.9,838.8864600000002
2,6,3,2,0,5,0.0,449.985,1499.95,1410.1491799999985
1,12,1,2,2,3,0.2,20.5764,63.312,62.45951999999994
1,12,3,0,2,3,0.0,9.3312,19.44,19.44000000000004
1,3,2,1,0,5,0.0,16.875,33.75,36.786300000000004
0,9,2,1,2,5,0.0,43.736,397.6,180.40301999999988
1,3,3,0,3,3,0.2,5.7825,18.504,15.977200000000007
1,7,3,0,2,5,0.2,15.921,43.92,46.89808000000002
1,12,3,1,3,3,0.0,7.0218,14.94,14.98830000000003
2,13,1,0,3,2,0.0,19.9746,73.98,78.34479999999998
1,3,3,0,3,2,0.2,3.0044,8.288,8.80375999999999
0,9,1,1,3,2,0.2,1.7024,17.024,11.751639999999995
1,3,3,1,3,7,0.2,27.3672,81.088,83.34784000000002
1,1,1,1,0,4,0.2,9.192,73.536,88.25395999999999
1,10,1,2,1,1,0.0,14.0438,30.53,30.29820000000002
2,0,3,1,3,3,0.2,-6.21,165.6,140.81624000000014
1,12,3,0,1,3,0.0,60.2553,122.97,123.35919999999982
1,12,3,0,0,3,0.0,10.7301,22.83,22.482899999999987
1,12,2,0,3,4,0.2,62.1376,177.536,187.79888
1,14,1,0,2,3,0.2,-2.436,38.976,37.52396000000005
1,10,1,0,2,3,0.2,2.5056,6.912,6.9990400000000035
0,9,3,0,3,4,0.2,3.108,11.84,17.624419999999997
0,5,3,1,3,5,0.2,70.196,1403.92,1196.2435399999986
1,2,2,1,3,4,0.0,2.7028,9.32,8.892800000000006
0,9,2,2,3,6,0.2,-8.2764,220.704,238.30432000000016
1,10,3,1,2,5,0.2,5.369,16.52,16.13415999999999
2,13,0,2,0,4,0.2,-87.6672,438.336,465.57553200000007
1,3,0,0,3,5,0.0,13.365,29.7,29.086199999999998
1,3,2,1,3,3,0.7,-2.73,4.095,3.5234700000000014
1,2,1,0,3,3,0.0,2.904,6.6,10.345000000000004
1,14,1,2,3,6,0.0,315.7404,1088.76,1292.470320000001
2,13,2,1,3,7,0.0,909.9818,3499.93,2806.354259999997
0,16,1,0,3,2,0.4,-104.673,273.06,338.77860700000025
1,10,0,1,3,3,0.2,13.32,35.52,39.203199999999995
1,8,2,2,3,3,0.2,5.9175,18.936,18.625359999999983
1,1,2,0,3,9,0.2,34.8138,309.456,316.16432
0,9,3,1,3,2,0.0,21.4368,64.96,100.1359
1,12,3,1,3,2,0.0,6.2208,12.96,12.960000000000019
0,9,0,1,0,5,0.6,-147.963,190.92,139.9643599999998
1,14,1,1,3,3,0.0,13.8915,51.45,76.52199999999996
2,0,3,0,3,3,0.0,19.7358,140.97,72.32232000000003
1,15,2,0,3,3,0.2,-1.9872,8.832,17.050820000000012
1,12,3,0,3,2,0.2,2.388,6.368,7.896240000000009
1,3,1,2,3,4,0.7,-6.952,10.428,9.531749999999995
1,1,2,1,0,3,0.0,50.3832,179.94,173.59931999999998
2,13,0,1,3,5,0.2,21.7355,59.96,225.0813199999998
2,0,3,0,0,2,0.0,15.1158,71.98,52.67145999999995
1,14,3,0,3,3,0.2,2.355,37.68,29.861420000000017
1,15,3,0,2,2,0.0,2.19,7.3,12.447839999999983
1,1,1,1,3,2,0.0,16.1096,61.96,63.05674000000005
0,9,2,2,0,1,0.2,1.5691,9.656,12.459060000000001
1,3,3,0,0,4,0.2,19.4184,53.568,57.64552
1,14,3,1,0,9,0.2,14.7546,168.624,361.03878000000026
1,3,0,1,3,5,0.8,-23.892,14.48,13.962579999999988
1,3,2,0,3,2,0.0,15.8496,33.02,33.48490000000001
1,1,3,1,3,3,0.0,26.865,59.7,107.46799000000001
0,5,2,1,0,4,0.2,56.2744,643.136,547.7687899999997
1,10,0,2,3,2,0.2,15.8756,48.848,47.071440000000045
0,9,1,0,3,3,0.0,26.1096,60.72,112.67973999999998
2,0,2,2,3,2,0.2,8.2848,41.424,49.184200000000004
0,5,3,0,3,1,0.2,32.098,256.784,292.84148000000005
1,2,3,0,1,3,0.0,1.26,5.04,5.910419999999999
1,10,0,2,3,4,0.0,19.872,41.4,41.05740000000005
2,13,1,0,0,2,0.0,78.851,271.9,293.3745000000004
1,12,3,2,3,6,0.0,18.6624,38.88,38.844100000000076
1,3,3,2,0,5,0.2,6.583,18.16,19.323279999999997
1,1,3,0,3,3,0.2,12.2328,122.328,95.41416000000002
2,0,1,0,3,3,0.0,4.95,45.0,40.3962
1,14,1,0,3,2,0.0,5.898,117.96,26.08669999999997
1,12,3,1,0,2,0.0,6.3504,12.96,13.024000000000017
1,3,3,0,3,1,0.2,4.6228,13.208,13.566559999999992
1,12,3,0,3,8,0.0,97.0784,211.04,304.14359999999965
2,13,3,0,3,4,0.2,18.4772,211.168,201.09695999999994
1,12,1,0,2,8,0.0,36.0192,75.04,77.66610000000003
0,5,1,2,3,2,0.1,13.4372,172.764,123.49389999999988
1,3,0,1,3,5,0.8,-9.6565,6.23,6.223120000000006
1,14,2,0,0,8,0.0,104.568,348.56,507.69340000000034
1,14,3,0,3,4,0.0,108.1752,772.68,559.9881000000004
1,14,2,0,2,1,0.0,0.6056,15.14,34.105620000000016
0,5,0,0,3,3,0.3,-18.1176,317.058,350.0325840000003
0,9,1,1,0,2,0.2,10.3936,51.968,69.09448000000003
1,8,0,1,3,3,0.0,9.12,18.24,19.241200000000006
1,15,0,0,3,2,0.2,-1.3248,5.888,7.433120000000003
1,2,2,0,3,7,0.2,2.891,23.128,16.432879999999997
1,12,3,0,3,6,0.0,19.2384,40.08,39.745700000000035
2,0,0,2,2,4,0.2,71.9928,319.968,373.6972199999998
1,3,1,1,3,2,0.0,843.1706,1793.98,1880.1973000000016
2,11,1,2,0,11,0.0,767.2005,1704.89,2384.8540200000007
1,14,1,2,0,8,0.0,16.5984,63.84,698.5254399999995
1,3,1,1,3,7,0.2,314.8418,968.744,1414.5198000000007
0,4,3,0,0,2,0.0,39.7488,141.96,170.49037999999965
1,15,0,0,3,5,0.2,-10.948,51.52,116.25236000000012
0,9,1,0,3,4,0.0,4.0584,10.68,12.839579999999991
1,3,2,0,3,9,0.0,18.5886,40.41,38.40820000000003
1,12,3,1,2,5,0.0,15.552,32.4,32.40120000000005
1,12,0,1,2,5,0.0,15.552,32.4,32.524300000000046
2,0,1,0,2,6,0.2,-4.8528,64.704,89.59062000000007
1,12,1,0,3,1,0.0,3.501,7.78,7.685599999999995
0,5,0,0,3,2,0.3,-5.1396,359.772,313.46419999999955
1,14,1,0,2,3,0.0,12.0978,46.53,67.68893999999993
1,12,2,1,1,7,0.0,21.7728,45.36,45.38
2,13,3,0,0,4,0.2,47.46,126.56,384.0075999999998
1,2,3,2,3,5,0.0,6.206,21.4,20.862400000000026
0,5,0,1,3,4,0.0,181.176,603.92,651.8994899999999
1,15,1,0,2,5,0.2,-3.312,14.72,24.05658000000005
0,9,0,1,3,2,0.6,-1.406,2.96,3.197519999999999
1,7,3,2,2,7,0.0,38.29,76.58,79.96129999999998
2,13,3,2,3,7,0.2,17.3656,173.656,243.68857999999997
1,3,3,2,2,6,0.2,206.6232,590.352,1043.025869999999
0,9,1,1,3,5,0.0,10.449,24.3,45.63310000000001
0,16,0,2,0,6,0.3,-4.2588,298.116,447.8934399999996
1,3,1,0,1,4,0.2,5.7672,17.088,16.013519999999996
1,3,0,2,3,5,0.8,-16.467,9.98,9.880240000000004
1,7,1,1,3,3,0.0,17.37,34.74,37.141360000000034
1,3,2,1,3,3,0.0,8.8044,19.14,19.854100000000003
2,13,3,0,3,5,0.2,47.243,539.92,406.4377599999996
1,3,0,0,3,5,0.8,-9.8115,6.33,6.364880000000011
1,7,2,1,3,3,0.0,7.9527,16.23,16.66370000000001
2,0,0,2,3,2,0.2,4.779,25.488,46.41067999999999
0,5,2,0,3,1,0.0,4.9686,70.98,48.089569999999995
1,3,3,2,0,4,0.7,-14.92,17.904,19.443789999999986
1,12,3,2,3,7,0.0,140.5957,286.93,289.7300000000004
1,3,1,0,3,2,0.0,5.0764,10.36,11.148700000000005
1,14,3,0,3,9,0.0,76.2525,305.01,506.0474999999999
2,6,3,0,2,2,0.2,335.9944,959.984,1275.1921599999994
1,14,1,0,0,2,0.2,1.9272,25.696,27.1882
1,2,2,1,3,4,0.0,5.4768,19.56,14.236200000000013
0,9,1,0,2,2,0.0,4.2804,14.76,14.532659999999991
1,3,1,2,3,13,0.2,100.1403,296.712,359.3969999999997
1,12,1,0,0,2,0.0,4.6812,9.96,9.689699999999993
0,16,0,0,0,3,0.3,-39.5118,307.314,274.7270059999999
1,1,0,2,3,4,0.8,-99.1032,38.864,46.445640000000004
1,10,1,0,0,6,0.2,7.7688,23.904,24.09184000000002
2,13,1,0,3,2,0.4,-47.3968,258.528,292.73591999999974
0,5,1,0,2,2,0.3,-1.0196,71.372,211.25555333333304
1,2,1,0,2,3,0.2,1.752,14.016,10.92218
1,3,3,0,3,3,0.2,4.1832,11.952,12.201600000000003
0,5,0,1,3,5,0.0,423.0085,1458.65,1594.542719999999
1,3,3,1,2,2,0.2,20.724,55.264,61.00567999999998
1,2,1,0,3,9,0.0,8.3538,32.13,26.258100000000002
1,12,3,1,0,7,0.0,25.48,50.96,52.13780000000004
1,2,1,0,0,1,0.2,0.3674,2.672,4.051470000000001
1,14,3,2,3,1,0.0,1.0166,5.98,41.89182000000003
2,0,3,0,1,2,0.0,75.9924,199.98,210.0724
1,3,0,1,3,5,0.8,-2.88,1.8,1.8518600000000018
1,14,2,0,3,1,0.0,4.1634,15.42,18.921759999999992
2,13,1,0,3,3,0.4,41.79,358.2,483.12319999999966
0,9,0,0,1,6,0.6,-292.9872,266.352,330.6470699999999
1,3,2,1,3,4,0.0,8.2616,17.96,17.468400000000006
1,14,3,0,3,2,0.0,93.6988,360.38,374.0490999999999
1,2,0,0,0,4,0.2,1.64,5.248,14.872559999999998
1,14,1,2,2,4,0.0,55.896,1117.92,839.5845999999993
2,13,3,0,0,3,0.2,22.6782,302.376,301.49728000000005
0,5,3,0,3,6,0.2,149.148,1325.76,1744.7858299999998
2,0,2,1,3,1,0.0,28.7964,79.99,92.88749999999987
1,3,2,2,3,2,0.7,-26.726,34.86,37.18890000000003
2,13,1,0,3,7,0.0,357.1911,1322.93,1326.8752599999998
1,3,3,0,3,7,0.2,884.058,2357.488,2240.6460999999995
2,11,0,1,3,3,0.4,-263.9967,1439.982,1215.786880000001
2,0,3,0,2,2,0.2,1.45,23.2,42.40345999999999
1,8,0,0,1,2,0.0,2.628,5.84,5.919999999999999
0,5,3,2,2,3,0.2,89.2224,892.224,815.1427999999997
1,12,1,2,3,2,0.0,5.2256,11.36,11.243800000000004
1,3,0,2,3,4,0.0,55.936,121.6,120.7736000000001
1,12,2,0,2,2,0.0,53.8608,109.92,111.45459999999994
1,2,1,1,2,3,0.0,2.6568,9.84,8.220640000000008
1,14,1,2,2,2,0.0,8.922,59.48,220.37223999999995
1,12,1,0,2,2,0.0,4.6812,9.96,9.77619999999999
0,5,0,2,3,2,0.3,-140.196,981.372,466.09390000000036
1,3,2,2,2,8,0.0,22.0032,45.84,45.45339999999998
1,12,0,1,3,3,0.0,31.5192,68.52,68.39300000000011
0,9,1,0,2,2,0.2,3.1382,19.312,15.138879999999995
0,16,2,1,3,7,0.45,-255.5875,562.2925,625.1225150000002
1,1,2,0,2,3,0.2,43.7136,499.584,425.79533000000026
1,8,3,0,3,3,0.0,0.0,5.94,5.6527800000000035
1,8,1,0,0,3,0.0,2.9547,6.03,6.410959999999999
2,13,3,0,3,2,0.2,9.2386,105.584,114.99280000000013
2,13,0,0,1,1,0.0,0.438,10.95,30.56787999999998
1,1,0,2,3,3,0.0,3.4086,13.11,15.512480000000007
0,5,0,0,0,5,0.3,-21.808,763.28,827.2715299999998
2,0,1,0,2,2,0.2,-2.7,24.0,43.72403
0,16,0,0,3,8,0.3,-160.2952,863.128,825.3622000000003
1,3,0,0,3,5,0.0,5.096,10.4,11.077100000000003
0,4,0,0,0,5,0.32,-14.196,241.332,821.0583739999997
1,3,1,0,2,10,0.0,21.024,43.8,45.1548
1,12,1,0,3,3,0.0,9.3312,19.44,19.44000000000004
1,3,3,2,3,3,0.2,29.0136,82.896,83.21360000000004
2,0,0,0,0,5,0.0,63.984,199.95,200.1051000000002
1,3,1,0,3,1,0.2,1.0287,3.048,3.1375200000000008
2,11,3,2,0,3,0.2,377.73,3357.6,1917.26972
0,9,1,0,3,2,0.2,12.0764,69.008,55.764640000000014
2,13,2,2,2,3,0.0,0.7794,38.97,65.19513999999994
0,5,0,1,2,4,0.0,96.8544,403.56,469.92922
2,13,2,2,3,3,0.2,19.9665,177.48,171.7456399999998
1,14,3,1,3,10,0.2,-161.694,718.64,701.6210399999999
1,12,1,0,0,1,0.0,2.1465,4.77,5.065400000000008
1,3,2,1,2,7,0.7,-169.372,254.058,150.1745299999998
2,13,2,0,3,7,0.0,181.9818,699.93,738.5121999999999
0,9,1,0,3,1,0.0,4.0203,14.89,28.63253999999997
1,14,1,1,2,2,0.0,22.2352,85.52,87.93450000000004
1,3,3,0,3,11,0.2,190.0206,563.024,1216.3980899999995
1,12,3,0,2,4,0.2,6.7048,18.496,19.12192000000001
2,0,0,0,2,4,0.2,3.278,23.84,60.71868000000004
1,8,3,2,1,3,0.0,0.1134,5.67,12.4691
1,14,1,1,2,7,0.0,0.0,428.68,575.3670000000001
0,9,3,0,1,3,0.0,5.5341,14.19,19.428159999999988
1,2,0,1,2,3,0.2,3.5712,47.616,29.35174
1,8,3,0,0,2,0.0,0.0,3.96,4.338739999999994
2,0,1,2,2,2,0.2,54.3966,255.984,290.94000000000005
2,13,0,0,3,1,0.0,2.2828,8.78,53.95351999999993
0,9,1,1,3,10,0.0,112.422,274.2,544.8430799999998
0,16,0,0,2,7,0.5,-566.5625,765.625,880.7780899999993
1,1,0,0,3,5,0.8,-453.849,177.98,227.2960899999998
1,8,1,0,3,6,0.0,0.3024,7.56,13.048860000000001
0,9,0,0,1,2,0.0,6.1704,17.14,17.000999999999994
2,0,0,0,3,1,0.0,1.8872,13.48,26.337899999999994
1,12,3,1,0,2,0.0,5.7624,11.76,11.773599999999995
2,6,0,1,3,5,0.2,874.9875,2799.96,2497.532979999999
1,12,2,1,3,3,0.2,5.4432,15.552,15.551999999999978
2,13,2,2,3,5,0.2,38.396,383.96,437.05367999999964
1,7,1,1,0,7,0.2,117.6147,348.488,338.74176000000006
1,15,2,0,3,8,0.2,10.008,88.96,390.8929999999998
1,14,0,2,2,2,0.0,41.68,166.72,282.9692000000005
1,14,1,0,0,6,0.0,22.5624,80.58,131.16186
1,2,0,2,3,3,0.0,26.985,107.94,85.46983999999999
1,12,3,0,3,2,0.0,19.1808,39.96,39.99260000000003
1,3,0,1,3,6,0.8,-27.792,18.528,30.427520000000037
1,10,0,0,3,6,0.0,35.3346,75.18,74.58430000000007
1,12,3,0,2,5,0.0,28.858,61.4,61.110799999999905
1,12,3,2,2,6,0.0,15.2292,31.08,32.402400000000014
2,13,1,0,3,4,0.0,10.3896,39.96,107.2513999999999
0,9,1,0,3,2,0.0,9.995,39.98,29.27890000000002
2,13,3,2,1,3,0.2,8.997,71.976,98.52553999999998
1,12,1,0,3,2,0.0,5.2256,11.36,11.295399999999997
1,3,2,0,3,7,0.7,-17.5651,22.911,25.59398999999999
1,1,0,0,3,4,0.1,72.358,283.14,384.24628000000035
0,9,2,2,2,2,0.0,11.0354,47.98,39.494380000000014
1,2,0,1,0,4,0.2,8.7384,31.776,71.81768
1,2,3,1,2,4,0.2,1.1808,10.496,14.023699999999993
1,12,3,2,3,2,0.0,40.1702,81.98,81.82999999999986
1,12,2,0,3,2,0.0,6.2208,12.96,12.961200000000018
1,12,0,2,2,4,0.0,12.4416,25.92,25.936700000000037
1,3,1,1,3,3,0.7,-9.264,13.896,12.491850000000001
2,0,3,2,3,3,0.0,32.688,108.96,186.74978000000002
1,3,1,1,3,2,0.0,3.0576,6.24,6.262900000000003
1,8,0,0,2,4,0.2,3.29,10.528,9.499360000000008
1,15,1,2,3,3,0.0,6.6846,25.71,127.94979999999993
1,12,2,2,2,3,0.0,49.9704,106.32,106.95649999999995
1,2,0,0,1,6,0.2,24.9984,95.232,158.01866
0,5,3,1,3,6,0.2,210.594,1684.752,1500.9293400000001
1,12,3,2,3,3,0.0,13.9392,29.04,29.960400000000007
1,12,2,1,3,6,0.0,301.968,629.1,765.9293000000001
0,16,3,1,3,3,0.2,-6.4233,171.288,248.0251599999999
1,15,1,0,2,2,0.2,1.148,9.184,11.10999999999999
1,3,1,0,0,2,0.7,-2.7552,3.444,3.691410000000002
1,3,3,1,2,6,0.2,7.0224,20.064,20.723039999999987
1,2,0,0,3,7,0.2,2.7384,27.384,17.00543999999999
1,3,1,0,2,2,0.2,1.2064,3.328,4.026619999999999
1,2,1,0,2,3,0.0,15.4752,59.52,59.40420000000013
2,0,3,1,2,3,0.0,4.908,49.08,45.271280000000004
2,13,1,2,3,3,0.4,-8.379,35.91,110.50896000000003
2,13,3,0,3,7,0.2,32.3351,369.544,212.18539999999982
2,13,0,1,2,2,0.2,19.0386,217.584,203.09988000000004
1,12,0,0,3,2,0.2,3.6288,10.368,10.368000000000022
0,5,0,0,1,2,0.0,38.4372,142.36,233.5982599999996
2,0,1,1,1,6,0.2,76.7904,383.952,347.13371999999976
1,14,3,0,3,4,0.0,2.0592,205.92,83.58120000000001
1,2,2,0,1,2,0.2,1.112,4.448,6.12468
2,11,2,1,1,4,0.5,-3839.9904,7999.98,4221.706759999994
0,16,2,0,0,3,0.4,-142.071,370.62,464.50033699999915
2,0,1,0,3,2,0.0,7.6494,23.18,52.0098
1,3,3,0,3,3,0.2,18.6006,51.312,52.48175999999998
2,0,1,1,0,4,0.2,9.1296,60.864,70.17283999999995
0,4,3,0,2,2,0.15,-13.7976,195.466,274.30495200000007
1,3,1,1,3,3,0.2,10.0632,28.752,30.232400000000013
0,5,0,1,3,3,0.0,27.441,182.94,266.2821199999998
2,11,1,2,3,2,0.0,1995.99,3991.98,4374.96962
1,1,1,2,3,5,0.0,141.2775,523.25,401.15889999999985
0,5,1,0,3,2,0.1,21.294,127.764,157.2471999999998
1,12,0,0,3,2,0.0,6.3296,13.76,13.553999999999991
0,9,3,1,3,8,0.0,62.5056,183.84,158.45765999999998
1,3,1,1,3,6,0.7,-80.178,104.58,96.18763999999993
0,5,2,1,2,9,0.2,101.3832,1013.832,1239.1964499999988
1,12,0,1,0,4,0.2,30.98,99.136,87.10072000000004
1,10,3,0,3,9,0.0,13.608,28.35,30.20999999999999
1,3,3,0,0,2,0.2,2.9568,8.448,8.34543999999999
0,5,3,1,2,4,0.2,108.3528,963.136,975.9825799999983
0,9,1,0,0,2,0.2,23.316,310.88,207.15484000000004
2,13,1,1,3,7,0.0,32.1678,69.93,148.43040000000002
2,0,2,2,3,7,0.2,41.7186,158.928,272.9297699999998
0,9,1,0,2,3,0.2,9.7152,48.576,56.278319999999965
1,14,2,2,3,2,0.2,-29.4368,147.184,160.56073999999978
2,13,3,1,2,3,0.2,11.7576,117.576,107.49566000000003
1,2,3,1,2,5,0.0,25.792,99.2,99.43110000000003
1,3,1,0,2,3,0.7,-1.476,2.214,2.1552900000000013
0,9,3,0,2,4,0.0,19.7988,282.84,67.49234000000003
2,0,3,0,0,3,0.2,-4.641,53.04,69.78367000000001
1,10,3,2,1,4,0.0,19.872,41.4,41.014
1,2,0,0,2,2,0.0,7.476,26.7,23.487200000000012
1,14,1,0,3,3,0.0,9.594,95.94,109.46925999999999
1,12,3,1,0,2,0.0,4.0572,8.82,8.800499999999994
1,1,2,0,3,7,0.2,3.8073,43.512,33.70082000000001
1,12,2,1,3,8,0.2,31.2832,96.256,88.55407999999997
0,9,3,0,3,4,0.0,21.1344,50.32,65.28485999999997
0,9,0,1,3,9,0.6,-348.6294,332.028,366.96854000000013
1,12,3,2,0,2,0.0,6.2208,12.96,12.968000000000018
1,3,2,1,3,3,0.7,-3.9249,5.607,4.942409999999998
1,12,1,2,1,7,0.0,84.9436,184.66,184.13159999999985
1,2,2,2,3,2,0.0,1.419,4.3,4.9025599999999985
1,14,2,0,0,3,0.0,10.0725,40.29,87.17016000000001
1,7,1,0,1,7,0.0,31.4916,68.46,69.25390000000003
0,5,0,0,3,5,0.3,0.0,528.43,698.2518749999996
2,0,1,0,3,7,0.2,41.7186,158.928,293.23705999999993
1,14,3,0,0,2,0.0,15.2712,56.56,69.49514
2,0,3,2,0,3,0.0,132.5898,389.97,368.1270000000002
1,2,0,0,3,2,0.2,8.3328,31.744,61.035759999999975
1,8,0,0,3,5,0.2,-3.5325,18.84,9.74118
0,5,3,1,3,4,0.2,-59.8356,435.168,441.7346599999995
0,16,1,2,3,2,0.4,-58.1332,205.176,330.45965799999993
1,3,3,1,1,6,0.2,3.1584,9.024,9.67484
1,14,1,1,2,2,0.0,9.1314,33.82,98.19745999999991
1,1,1,0,3,3,0.0,8.4942,32.67,32.678100000000015
0,16,2,0,2,13,0.4,-1862.3124,4297.644,4497.907437999994
1,3,3,1,3,2,0.2,88.3948,271.984,300.7616799999998
2,0,2,1,2,4,0.0,527.984,1319.96,1519.0370000000005
2,0,3,0,3,3,0.0,132.5898,389.97,364.0276600000001
1,14,2,0,2,5,0.0,34.2925,118.25,351.87090000000046
2,13,1,1,3,2,0.4,-56.3108,259.896,268.32836
1,3,3,0,0,6,0.2,7.0044,21.552,20.853519999999982
2,11,3,0,2,4,0.2,503.64,4476.8,1992.1252399999994
0,9,2,0,3,8,0.2,31.5776,315.776,198.00839999999985
1,3,1,0,3,5,0.7,-10.054,13.71,12.577979999999993
1,7,3,1,3,2,0.0,11.68,23.36,23.611599999999985
2,11,3,2,3,5,0.7,-3399.98,2549.985,3881.908649999994
1,15,1,2,3,3,0.0,8.0997,27.93,64.95400000000001
1,2,3,0,3,3,0.0,1.7901,6.63,6.628199999999997
1,12,2,2,2,2,0.0,46.1184,96.08,96.83799999999994
0,9,3,0,3,6,0.0,9.0288,25.08,28.069059999999975
1,3,1,0,3,6,0.2,9.072,25.92,25.81496000000002
0,5,1,0,3,6,0.3,-36.1764,844.116,692.4576499999998
1,14,3,0,3,1,0.0,14.3075,57.23,78.05819999999991
2,0,1,0,3,3,0.0,34.9074,85.14,136.13481999999985
1,10,3,1,2,2,0.0,4.8118,9.82,10.004000000000012
2,0,0,0,3,3,0.0,32.0598,178.11,179.31347999999994
1,1,2,0,2,4,0.0,50.8768,195.68,178.7199999999999
0,5,1,1,3,3,0.1,146.388,658.746,785.1143200000002
0,5,0,1,2,2,0.3,-35.5136,155.372,182.92395199999999
1,15,1,1,2,3,0.0,17.379,347.58,103.32890000000002
1,14,3,0,2,6,0.0,24.9804,92.52,153.9579000000001
2,0,0,0,2,5,0.2,84.66,398.4,314.25239999999957
1,2,2,0,2,2,0.2,1.7024,9.728,13.993199999999995
1,12,1,0,3,1,0.2,1.7004,5.232,5.736400000000004
1,14,1,2,0,6,0.0,37.2186,128.34,273.2708000000002
1,3,3,1,3,6,0.2,8.3868,23.136,23.76176
0,16,0,0,1,2,0.3,-68.1302,251.006,431.2126520000001
0,9,3,0,3,2,0.0,5.9364,17.46,21.959280000000007
2,13,1,0,3,5,0.0,36.7255,74.95,135.78500000000003
1,12,2,2,3,1,0.2,1.651,5.08,4.854080000000003
1,14,1,1,2,5,0.0,238.653,1325.85,1111.2901000000002
0,9,3,0,0,7,0.0,16.4647,38.29,78.63564000000001
0,5,1,0,2,3,0.0,178.8,715.2,669.42143
0,9,2,0,2,6,0.0,9.7218,29.46,28.020059999999994
0,9,3,0,3,2,0.0,5.79,19.3,26.243280000000016
2,13,3,1,2,2,0.2,9.2386,105.584,109.25936000000006
1,3,1,0,3,5,0.2,12.796,36.56,36.331439999999965
0,5,3,1,2,2,0.2,7.1196,569.568,97.72434000000004
2,13,3,1,3,2,0.2,22.2384,222.384,218.72023999999976
0,16,3,0,3,2,0.2,-2.9566,236.528,90.08055999999996
1,1,0,1,3,2,0.8,-15.0876,5.588,8.70472
1,3,1,0,3,5,0.0,11.891,25.3,25.48140000000001
1,14,1,1,2,7,0.0,282.2092,1085.42,1236.7464
1,10,0,0,3,2,0.2,2.1,6.0,6.194400000000002
1,3,2,1,2,8,0.7,-16.1856,20.232,21.47377999999999
1,10,1,0,3,10,0.0,15.12,31.5,33.758700000000005
0,16,3,0,3,5,0.0,629.01,1747.25,3024.167949999995
1,10,1,0,3,6,0.0,7.9488,17.28,17.06490000000001
1,15,3,0,3,6,0.2,4.3956,39.072,46.372800000000055
1,12,3,0,2,3,0.0,8.073,17.94,17.87210000000004
1,1,0,2,3,9,0.0,137.2896,490.32,415.75199999999984
1,2,1,0,3,3,0.0,8.8686,22.74,23.721800000000016
1,1,2,1,3,5,0.2,18.7695,166.84,151.39453999999995
1,2,2,0,3,6,0.0,5.7072,19.68,13.392599999999995
1,2,0,2,1,5,0.2,1.86,29.76,16.05295999999999
1,14,0,0,3,3,0.2,12.504,200.064,186.37298000000007
1,3,3,0,1,5,0.2,459.9875,1471.96,1725.6307099999995
1,3,1,0,3,3,0.2,19.791,52.776,55.60824
1,12,3,2,2,6,0.0,17.5812,35.88,36.83200000000005
2,13,0,1,0,3,0.2,22.4925,359.88,270.85567999999995
1,1,1,1,2,4,0.0,9.3184,33.28,34.28302000000003
1,1,3,0,3,2,0.0,22.0748,76.12,75.09428999999999
1,1,2,0,3,4,0.2,24.196,387.136,257.2708799999998
0,9,0,0,2,1,0.0,3.666,12.22,13.721000000000005
2,13,0,2,0,7,0.2,88.1804,251.944,1107.2346799999991
0,5,0,2,3,2,0.0,146.388,487.96,647.3561799999994
0,9,3,0,3,9,0.0,31.2444,94.68,142.8628900000001
0,16,3,0,3,9,0.2,85.3092,1706.184,1392.3400799999995
0,5,1,0,2,6,0.1,88.5528,664.146,567.3434000000002
0,4,1,0,3,10,0.2,-50.098,4007.84,957.322439999999
1,2,0,0,3,6,0.0,5.7072,19.68,13.275899999999996
1,7,2,1,0,1,0.2,0.9774,2.896,2.7528
0,9,0,0,2,3,0.0,16.5354,53.34,85.90150000000008
1,3,0,0,3,5,0.8,-33.139,21.38,20.550800000000002
0,16,3,0,3,4,0.2,36.4776,486.368,812.0068599999996
1,12,3,1,3,2,0.0,3.852,8.56,8.489799999999981
1,3,1,1,3,1,0.2,7.3834,20.368,23.241680000000002
0,9,3,1,3,1,0.0,18.1146,43.13,61.05708000000002
1,3,3,0,2,1,0.2,381.297,1016.792,1080.2434800000003
0,4,1,2,2,3,0.5,-48.7032,86.97,225.99677999999983
0,5,3,2,3,4,0.2,102.9528,915.136,1040.5704799999992
2,13,0,0,3,2,0.0,10.0744,35.98,83.08955999999996
1,2,1,0,3,1,0.0,2.211,6.7,5.823599999999999
1,3,3,1,0,7,0.7,-58.716,88.074,77.92790999999997
1,15,3,1,3,5,0.0,11.803,40.7,79.66699999999993
1,15,3,2,0,5,0.0,13.365,49.5,120.11979999999993
1,2,1,1,2,2,0.2,0.3384,3.008,4.469119999999995
1,1,0,0,3,5,0.8,-179.776,67.84,76.07942000000001
1,3,1,0,3,3,0.7,-122.3928,152.991,146.06146499999988
0,9,2,2,3,9,0.0,46.116,109.8,189.11741999999992
1,12,3,1,1,6,0.0,16.146,35.88,34.90930000000003
1,3,0,1,3,7,0.8,-8.904,5.936,5.4928000000000035
1,12,1,0,3,4,0.0,10.224,22.72,22.449400000000004
1,12,1,1,3,1,0.0,3.1104,6.48,6.480000000000009
1,8,3,0,3,5,0.0,3.597,10.9,9.83864
2,0,2,0,2,5,0.0,48.3285,146.45,165.74506000000002
2,0,3,2,3,5,0.0,162.0,450.0,490.23776000000026
0,9,2,1,0,3,0.2,15.9912,213.216,67.69959999999996
1,14,3,1,3,4,0.0,125.1432,481.32,514.7678999999999
1,7,1,1,3,4,0.2,11.088,31.68,32.97344000000004
2,0,3,0,3,3,0.0,129.348,323.37,337.84975999999995
0,9,3,1,3,3,0.0,22.4196,65.94,98.87270000000002
1,12,0,2,3,5,0.0,15.552,32.4,32.384100000000046
1,12,1,1,1,3,0.2,3.96,12.672,11.48455999999999
1,14,3,2,2,8,0.0,25.424,90.8,595.5046000000001
1,14,3,0,3,5,0.0,34.2925,118.25,274.00210000000027
1,15,3,2,3,3,0.0,7.605,25.35,90.49654000000002
0,9,2,2,3,2,0.0,14.3856,39.96,89.91748000000003
0,16,1,2,2,9,0.4,-339.705,815.292,1643.1047560000006
1,14,0,1,3,2,0.2,6.0416,60.416,62.593920000000054
1,1,3,2,3,6,0.0,23.5872,87.36,86.03129999999999
2,11,0,0,3,3,0.4,33.5895,287.91,298.4314899999999
1,7,1,2,0,5,0.0,28.755,63.9,61.259999999999984
2,13,1,0,3,5,0.0,129.5865,479.95,490.2777999999995
1,2,2,0,3,9,0.0,7.776,25.92,26.7899
1,7,0,0,3,2,0.2,4.7196,13.984,13.085840000000005
0,9,3,2,3,3,0.0,16.614,42.6,55.06248000000002
1,3,1,0,3,2,0.2,22.5732,69.456,67.52087999999999
1,2,0,0,3,5,0.0,16.17,57.75,54.7254
2,13,3,0,3,3,0.2,10.0485,160.776,140.47756000000015
0,5,3,1,3,3,0.2,23.028,230.28,236.48115999999985
1,1,0,0,3,7,0.8,-108.8304,53.088,51.61011999999999
2,13,3,1,3,2,0.2,31.494,83.984,156.51528000000022
1,3,3,0,2,3,0.2,1.8144,5.184,6.528559999999998
1,3,1,2,0,3,0.7,-3.4272,4.896,4.79667
1,2,3,1,2,2,0.0,10.3168,39.68,34.41390000000001
1,3,1,2,3,5,0.0,390.977,849.95,1265.7339599999991
1,14,1,1,2,3,0.0,349.3392,1247.64,1298.6245200000005
1,1,3,2,3,2,0.2,8.7168,87.168,76.98767999999997
0,9,2,1,3,4,0.2,-18.1808,132.224,228.7735899999999
1,3,2,0,1,2,0.0,28.0032,58.34,60.19932000000003
0,5,3,2,3,8,0.2,-97.176,518.272,720.9030679999995
0,9,1,1,2,2,0.0,2.9808,8.28,7.558280000000004
1,10,2,1,3,6,0.2,4.6818,13.872,13.589200000000003
1,3,3,0,0,2,0.2,16.3352,46.672,48.61152
1,14,2,0,0,1,0.2,0.3348,4.464,25.126759999999994
1,3,2,1,3,3,0.0,15.525,34.5,32.929900000000025
1,14,1,0,0,4,0.2,-35.2152,156.512,187.20910000000012
1,1,0,0,3,6,0.8,-197.5752,73.176,88.13853
2,0,2,2,2,1,0.0,3.24,18.0,18.73511999999999
2,0,3,0,3,6,0.0,91.3248,217.44,327.81940000000026
0,9,3,0,3,1,0.0,15.525,51.75,63.363000000000014
1,14,1,1,2,3,0.0,157.8702,544.38,605.0871400000005
1,12,0,0,0,2,0.2,26.9024,76.864,76.6468799999999
0,9,3,0,3,3,0.0,17.3754,41.37,48.31714000000001
2,0,0,0,2,6,0.2,89.991,479.952,392.1552799999999
1,3,0,0,3,3,0.8,-44.2782,26.046,26.808139999999995
1,12,3,1,2,7,0.0,9.891,21.98,20.754400000000015
1,3,3,1,3,4,0.2,4.4604,13.216,14.021520000000004
0,9,2,0,3,3,0.2,5.1408,45.696,35.822959999999966
1,1,1,0,3,2,0.2,3.8864,44.416,32.23376000000003
1,14,0,2,2,3,0.2,31.5825,505.32,392.40703999999977
1,3,0,1,2,3,0.8,-20.5623,12.462,12.723279999999999
1,3,1,0,0,1,0.2,0.6048,1.728,2.0152200000000007
0,16,0,2,0,7,0.5,-525.6405,796.425,715.6351499999997
0,4,0,0,3,4,0.3,0.0,198.744,529.296186
0,16,0,0,3,5,0.5,-120.372,214.95,207.78207999999984
1,3,3,2,3,1,0.7,-3.788,5.682,4.897589999999995
2,13,1,1,3,2,0.0,1.0598,105.98,31.28154000000001
2,0,2,0,3,3,0.2,303.804,1012.68,952.7889200000001
1,7,1,0,1,3,0.0,5.1042,10.86,10.90760000000001
1,12,3,2,3,2,0.0,6.321,12.9,13.501999999999999
1,1,1,0,0,2,0.0,120.9416,465.16,359.0815
1,7,3,0,3,1,0.0,16.1505,35.89,34.18880000000003
2,0,1,0,3,2,0.2,19.176,63.92,78.08772000000002
0,9,2,0,0,3,0.2,5.775,21.0,27.89964000000001
0,5,3,0,0,2,0.2,-29.9178,217.584,227.8770099999999
1,14,3,1,0,7,0.0,327.9458,1261.33,1896.4149800000005
0,16,1,1,3,2,0.4,-81.8544,409.272,284.91337900000025
0,9,0,2,3,5,0.6,-9.88,24.7,17.187440000000002
0,9,3,1,2,4,0.2,3.6784,15.488,27.538919999999983
0,9,2,0,3,8,0.2,4.2816,14.272,43.96037999999999
0,9,3,0,3,5,0.2,10.984,54.92,47.269139999999986
1,3,0,1,3,7,0.0,16.8413,34.37,36.27360000000001
0,16,1,0,1,1,0.3,-15.5826,181.797,165.74633999999992
1,7,3,0,3,3,0.0,77.4837,158.13,174.06069999999974
1,12,3,0,3,4,0.0,12.4416,25.92,25.920000000000037
2,0,3,1,3,3,0.0,91.7892,254.97,296.98920000000027
1,14,3,0,1,3,0.0,2.0088,50.22,156.30479999999991
1,3,0,0,0,1,0.8,-8.4728,4.984,5.154200000000004
1,14,1,0,3,2,0.0,1.3392,33.48,37.39942000000001
2,13,3,0,3,3,0.2,8.1432,108.576,96.54655999999996
1,12,2,1,3,1,0.0,3.1104,6.48,6.48060000000001
2,13,3,0,2,3,0.2,16.011,213.48,188.7975199999999
0,9,3,0,3,2,0.0,13.4292,35.34,47.004200000000054
1,3,3,0,3,2,0.2,5.8914,17.456,17.678159999999995
1,3,1,1,3,3,0.7,-2.0349,2.907,2.657820000000001
1,12,2,0,2,3,0.0,9.3312,19.44,19.44000000000004
1,12,3,0,3,1,0.2,2.085,6.672,6.230780000000001
0,9,2,0,2,3,0.2,15.5904,77.952,68.16798000000003
1,2,3,0,0,4,0.0,3.2256,11.52,11.16465999999999
1,3,3,2,3,3,0.2,2.1684,6.672,6.646640000000006
1,3,0,2,3,3,0.8,-1143.891,762.594,833.1608300000001
1,3,2,2,3,2,0.0,6.939,15.42,14.850699999999994
1,12,0,0,3,2,0.2,4.0768,11.648,11.788000000000004
0,5,2,0,2,1,0.0,75.6548,290.98,289.18263999999976
1,12,1,0,2,3,0.2,23.235,74.352,73.13535999999993
1,12,0,0,3,2,0.2,3.6288,10.368,10.368000000000022
1,8,3,0,3,4,0.0,2.8776,8.72,6.227279999999999
1,1,1,0,0,3,0.0,49.5552,170.88,163.55750000000006
1,8,1,0,3,2,0.0,1.4652,3.96,3.405279999999999
1,1,1,0,0,5,0.0,253.372,904.9,1005.2435599999997
1,12,3,2,3,2,0.0,3.852,8.56,8.479199999999983
0,16,0,0,3,3,0.5,-538.446,626.1,793.2363099999995
2,13,0,2,2,2,0.0,134.654,517.9,481.1861
1,2,3,2,3,2,0.0,1.4456,5.56,5.372399999999999
1,3,2,1,0,2,0.7,-3.14,3.768,4.554059999999999
1,3,2,1,3,7,0.7,-29.2446,39.879,38.47167000000007
0,9,2,0,3,4,0.2,55.016,220.064,388.63313999999997
1,12,1,1,3,6,0.0,16.146,35.88,35.06680000000003
0,9,1,1,2,3,0.0,27.2862,88.02,87.80794
0,9,0,0,3,3,0.6,-6.9102,25.128,13.210920000000005
2,6,2,0,2,2,0.0,629.991,1399.98,1846.71459
1,12,0,2,2,2,0.2,3.3524,9.248,9.289520000000012
1,3,2,0,2,4,0.7,-4.49,5.388,6.347910000000008
2,13,2,0,3,5,0.2,85.2475,1363.96,928.7408000000005
1,1,3,0,3,1,0.0,2.8314,10.89,13.399180000000008
2,13,3,1,2,3,0.2,7.7679,88.776,95.86135999999993
1,3,0,0,3,7,0.8,-11.0005,6.286,6.80752000000001
1,12,0,0,3,1,0.2,1.1466,3.528,3.502939999999999
0,9,1,0,0,4,0.2,19.0848,72.704,104.36777999999995
1,15,0,0,3,3,0.2,-786.0144,3930.072,2021.5326999999995
1,2,0,1,3,9,0.0,46.9278,161.82,166.36612000000005
0,16,2,0,3,4,0.45,-458.1468,933.262,914.5665499999996
0,16,1,2,3,2,0.4,-103.266,344.22,295.2246580000003
1,2,0,2,3,5,0.0,3.614,13.9,13.351999999999997
1,12,1,0,0,5,0.0,100.4255,204.95,209.0453000000002
2,0,3,2,3,3,0.0,13.1985,62.85,68.61325999999994
1,12,2,0,3,2,0.2,13.7176,42.208,38.68959999999997
0,9,0,2,2,3,0.6,-33.6414,51.756,45.57902
1,3,3,0,3,3,0.2,4.1832,11.952,12.201600000000003
1,3,0,1,2,3,0.8,-6.237,3.564,3.5303200000000015
1,3,1,2,0,4,0.2,1415.4296,4355.168,3509.505399999999
0,16,0,1,0,6,0.3,-71.8116,718.116,569.6379579999997
0,16,3,2,0,12,0.2,20.9148,1673.184,679.09406
0,5,1,2,0,5,0.1,-6.549,589.41,573.069540000001
0,9,0,2,3,3,0.0,12.8568,29.22,56.64833999999996
0,9,0,0,2,3,0.6,-4.6752,11.688,8.550359999999998
2,13,3,1,3,4,0.2,6.704,67.04,99.05742000000001
1,8,3,0,1,5,0.0,8.027,17.45,17.58380000000001
2,13,3,0,3,3,0.2,14.7582,196.776,165.9490399999999
1,8,2,1,3,3,0.0,5.2164,11.34,11.225000000000007
0,4,3,0,2,3,0.15,11.9988,254.9745,249.40544999999997
0,9,3,0,3,3,0.0,6.0288,18.84,18.624199999999995
1,12,0,0,0,4,0.2,5.5216,15.232,16.373839999999987
2,0,3,2,0,5,0.0,39.5,395.0,170.88933999999995
0,9,0,1,0,4,0.6,-1.4784,4.928,3.9475599999999997
2,13,1,1,3,5,0.0,2.499,124.95,79.05309999999999
2,0,3,1,3,2,0.0,57.5928,159.98,165.26689999999974
1,3,1,1,2,3,0.2,11.5587,34.248,34.29479999999998
1,10,0,0,3,1,0.2,0.6786,2.088,1.960580000000002
1,12,3,2,3,2,0.0,53.2608,110.96,110.56239999999991
1,3,0,0,3,3,0.8,-4.9878,2.934,2.9553800000000026
1,2,3,0,3,3,0.0,3.2472,9.84,10.43584
1,1,1,0,3,3,0.0,18.396,52.56,64.02284
0,5,1,0,3,2,0.1,48.3136,271.764,298.1916599999997
2,0,3,2,0,2,0.2,1.3596,54.384,22.87237
1,2,2,0,2,1,0.2,0.1548,2.064,1.65685
1,12,3,1,3,3,0.0,12.231,27.18,26.366600000000034
0,16,1,1,3,2,0.4,-115.4304,384.768,340.5364639999997
1,7,0,1,3,3,0.2,5.022,13.392,14.876959999999992
2,13,2,2,3,2,0.2,16.6788,222.384,198.58709999999988
1,12,0,0,2,3,0.2,6.066,16.176,18.427839999999993
0,4,1,0,3,5,0.2,-26.196,523.92,1023.1583099999986
1,10,3,1,2,5,0.0,9.0,18.75,19.602500000000006
1,3,0,1,0,2,0.8,-11.5872,6.816,6.31888
1,3,2,0,3,5,0.7,-39.4565,51.465,54.42668999999999
1,14,3,0,3,6,0.0,26.0568,93.06,152.59599999999998
1,12,0,2,2,3,0.2,15.9348,45.528,45.84528000000001
2,0,1,2,3,2,0.0,10.7964,59.98,31.770840000000018
0,5,3,1,3,3,0.2,-20.7846,184.752,205.26835200000016
1,3,1,0,0,2,0.7,-1.9272,2.628,2.5014299999999987
0,5,3,0,3,4,0.2,-12.196,195.136,271.5799300000001
1,3,3,0,1,2,0.2,2.2302,6.608,6.5003600000000015
1,8,1,1,3,8,0.2,2.6928,12.672,11.459999999999988
1,12,1,0,2,6,0.0,18.6624,38.88,39.07690000000005
1,2,3,2,0,1,0.0,5.949,19.83,16.76220000000001
0,4,1,0,3,4,0.2,12.1176,323.136,268.0527849999999
1,3,0,0,2,8,0.0,219.9904,478.24,473.55920000000026
1,3,3,0,3,5,0.2,9.534,27.24,27.667440000000006
1,14,1,1,1,2,0.2,8.7052,99.488,118.53094000000003
1,15,0,0,3,7,0.2,3.5623,40.712,45.981480000000055
0,4,1,0,3,12,0.2,42.588,681.408,830.1764799999993
2,0,2,0,3,5,0.2,107.79,431.16,578.9804
0,5,1,0,3,3,0.3,-63.3765,887.271,321.4167880000001
1,12,0,2,3,4,0.0,12.4416,25.92,25.929100000000034
0,5,1,0,3,2,0.3,-2.0568,47.992,142.2376199999999
0,4,0,0,0,2,0.0,54.7136,341.96,246.21303999999972
1,14,3,0,3,3,0.0,3.4092,340.92,160.61620000000008
2,13,1,0,3,3,0.0,67.1916,239.97,254.6948999999999
1,2,2,0,3,6,0.0,50.1876,185.88,167.8412000000002
1,12,3,0,2,3,0.0,4.5402,9.87,9.331100000000006
1,3,0,0,3,5,0.8,-13.32,8.88,8.12718
1,12,3,1,2,5,0.0,15.876,32.4,33.52300000000005
1,3,1,0,3,2,0.2,18.336,48.896,53.16199999999998
2,13,2,2,3,3,0.0,134.9925,539.97,561.0255000000002
1,12,2,2,2,6,0.0,301.968,629.1,768.8134400000002
0,9,3,0,0,7,0.0,11.4576,36.96,44.47926000000004
1,12,0,1,3,5,0.0,52.532,114.2,112.88210000000008
0,9,3,0,3,3,0.0,21.7515,127.95,134.88010000000008
1,3,1,1,3,3,0.2,17.19,55.008,49.325280000000014
1,14,3,1,1,4,0.0,7.1864,359.32,326.49547999999993
1,15,0,0,3,2,0.2,-34.758,185.376,181.44276800000006
1,12,1,0,3,2,0.0,11.5432,24.56,24.60039999999997
1,3,0,1,3,5,0.0,25.872,53.9,56.77380000000001
0,4,2,1,3,8,0.2,-32.2192,198.272,732.2375779999996
1,1,3,0,1,2,0.0,9.7438,22.66,36.39578
1,15,1,1,3,5,0.0,8.236,28.4,77.87729999999992
2,0,0,0,3,2,0.2,7.6154,46.864,41.01756000000004
1,14,0,0,3,5,0.0,14.17,54.5,256.7072000000002
2,13,0,0,0,3,0.2,6.7176,67.176,94.78907999999997
2,0,3,1,3,3,0.0,39.5868,89.97,167.23765999999992
1,14,3,1,0,3,0.0,10.3473,344.91,201.48930000000001
0,9,3,0,3,3,0.0,22.0077,66.69,109.57520000000005
1,1,3,0,2,3,0.0,41.2938,152.94,133.34199000000004
2,13,1,2,3,8,0.4,-162.2296,748.752,716.2861800000009
1,2,2,1,3,4,0.2,3.5784,13.632,29.957420000000017
1,14,0,0,1,3,0.2,4.6344,46.344,54.353540000000024
1,7,2,1,2,2,0.0,5.3392,11.36,11.456199999999999
1,2,3,0,2,7,0.2,1.8522,16.464,17.493199999999995
2,13,3,0,2,8,0.2,83.5128,742.336,996.65638
0,9,1,0,0,3,0.0,20.4822,113.79,79.41275999999998
1,12,0,0,2,6,0.2,6.42,20.544,19.567200000000017
1,14,0,1,3,10,0.2,10.744,107.44,402.98473999999993
1,2,0,1,3,1,0.2,0.334,2.672,3.67172
1,10,3,0,3,3,0.0,4.2336,8.64,8.647799999999988
2,13,1,1,3,4,0.0,43.9,87.8,114.743
2,0,2,0,2,3,0.0,22.6476,62.91,94.08438999999997
1,14,0,0,3,5,0.0,14.148,52.4,256.0453000000002
0,4,1,0,0,5,0.2,-110.49,883.92,621.8391459999998
1,3,2,0,3,5,0.0,3177.475,6354.95,7985.504159999995
1,7,3,2,3,5,0.0,20.539,43.7,43.3808
1,3,1,0,3,2,0.7,-7.46,8.952,9.658859999999994
1,14,0,0,3,1,0.0,4.0542,13.98,38.621419999999986
1,2,1,1,2,7,0.2,0.7056,9.408,10.873259999999998
1,3,1,1,3,2,0.0,3.7412,7.96,7.887999999999998
2,13,3,0,2,4,0.2,35.9964,319.968,299.7484000000001
1,2,1,0,3,2,0.0,3.0558,9.26,10.773000000000001
0,9,3,0,3,3,0.0,2.6208,6.24,6.87058
0,9,1,2,3,4,0.0,31.2528,91.92,173.72947999999997
1,1,1,2,3,6,0.0,6.72,26.88,26.80080000000001
1,3,0,0,0,8,0.8,-53.7088,33.568,32.77055999999999
2,11,2,0,3,3,0.0,239.985,479.97,661.6885000000003
1,7,2,0,3,4,0.2,8.8624,24.448,24.521360000000012
2,0,3,0,2,7,0.0,25.3302,68.46,169.19449999999998
1,3,1,0,2,9,0.7,-57.7566,78.759,78.11659999999995
1,3,1,0,3,7,0.2,108.7996,334.768,345.8338399999999
0,4,1,0,2,1,0.2,-5.0098,400.784,118.16340999999993
1,1,1,1,3,6,0.0,109.7226,281.34,397.31037999999984
2,0,0,0,2,3,0.2,53.9946,239.976,425.81624000000033
0,16,3,0,2,6,0.2,95.586,764.688,1163.6632999999988
1,3,1,1,3,2,0.0,9.6048,20.88,20.281599999999983
2,0,0,0,3,2,0.2,4.4004,18.528,23.912440000000007
1,12,2,1,3,2,0.0,6.3504,12.96,12.960000000000019
1,3,3,1,2,5,0.2,6.972,19.92,20.029519999999994
2,13,1,0,3,4,0.4,-36.9544,158.376,189.89364000000012
1,14,0,0,3,5,0.2,14.3075,228.92,233.04895999999965
0,4,3,0,3,8,0.15,160.3136,3406.664,2267.52998
1,2,3,0,3,2,0.0,12.8744,45.98,46.86049999999997
1,12,3,2,3,4,0.2,7.2576,20.736,20.652160000000045
0,9,0,0,3,2,0.6,-7.9634,10.984,15.14424
1,10,1,1,3,2,0.2,8.88,23.68,24.084399999999995
1,10,3,1,3,5,0.0,70.219,152.65,150.0225
1,14,2,0,3,2,0.0,58.5052,450.04,330.3288999999996
0,9,3,0,0,4,0.0,27.3096,151.72,112.42518
1,3,3,1,3,6,0.2,81.744,251.52,248.9555200000001
2,11,3,1,1,3,0.2,215.9973,1919.976,1565.3990499999986
1,3,1,0,2,2,0.2,11.7488,33.568,33.99880000000006
0,5,1,0,2,3,0.3,-63.3765,887.271,329.194046
1,3,3,0,2,1,0.2,1.6038,4.752,4.707199999999997
0,5,1,0,3,1,0.1,8.0991,80.991,89.78493999999999
1,10,0,0,3,7,0.0,9.5081,20.23,21.210000000000033
1,3,3,0,2,4,0.2,5.5536,17.088,16.585839999999983
0,4,3,0,2,1,0.7,-98.8018,72.294,82.69210499999994
1,3,2,2,3,2,0.7,-3.552,5.328,4.840529999999996
1,3,2,1,3,1,0.7,-1.3083,1.869,1.8804800000000017
1,2,3,2,3,2,0.0,15.764,56.3,54.14600000000005
1,14,3,0,3,4,0.0,55.896,1117.92,721.2493999999999
0,5,3,1,0,3,0.2,71.772,717.72,648.5017400000008
1,14,1,1,3,5,0.0,25.176,104.9,92.99220000000001
1,2,1,0,0,5,0.0,6.206,21.4,19.935100000000023
1,14,0,0,3,1,0.2,-0.2098,16.784,215.7711399999998
0,16,3,0,3,3,0.2,-97.7394,710.832,955.1997219999992
1,3,3,2,3,5,0.2,32.396,99.68,91.16232000000002
2,0,2,0,2,1,0.2,7.1988,47.992,38.13280000000002
1,1,3,1,0,3,0.0,72.432,241.44,241.64789999999985
1,12,3,0,3,7,0.0,14.2002,30.87,30.156300000000005
0,5,2,2,0,2,0.0,30.445,121.78,239.5328399999996
1,2,0,1,3,2,0.0,10.881,40.3,35.379899999999964
1,3,3,1,0,2,0.2,2.245,7.184,7.0741200000000015
1,12,1,0,0,3,0.0,17.22,34.44,35.910000000000025
0,16,0,0,3,3,0.3,-43.0296,376.509,273.20511999999985
2,13,0,0,0,2,0.0,18.873,69.9,147.17980000000006
0,9,1,0,3,3,0.2,15.5904,77.952,68.25164
0,9,0,0,3,3,0.6,-5.688,11.376,10.523479999999992
1,7,3,1,3,5,0.0,197.353,419.9,510.37820000000033
2,0,2,0,3,3,0.2,-2.484,16.56,108.31497000000007
1,2,3,1,3,1,0.0,1.2506,3.38,4.557939999999997
1,14,3,2,3,9,0.0,44.955,249.75,572.0821400000005
1,2,2,0,2,3,0.0,11.214,40.05,37.427299999999974
0,16,3,0,3,4,0.2,6.9716,557.728,310.4686300000005
0,16,3,0,3,7,0.2,-112.9527,1004.024,895.4500380000006
2,13,0,0,3,9,0.0,378.1674,1454.49,1393.6671000000001
1,2,0,0,2,8,0.0,8.2688,24.32,25.802600000000016
1,10,3,1,0,3,0.0,8.694,18.9,18.878700000000034
2,13,3,0,3,3,0.2,7.7679,88.776,90.33823999999991
0,16,1,0,1,5,0.4,-295.9785,1044.63,1089.5654919999995
1,7,3,0,0,2,0.2,7.008,18.688,20.91199999999998
1,12,0,1,0,7,0.2,11.7334,32.368,35.47271999999998
0,16,2,1,0,3,0.4,-147.8655,328.59,471.3143249999989
0,5,3,0,3,5,0.2,-34.641,307.92,394.88292599999943
2,11,3,2,3,1,0.2,38.61,343.2,291.0353600000001
2,13,3,0,3,7,0.2,-15.4581,72.744,83.54667999999997
1,3,1,1,2,2,0.0,4.4344,9.64,9.425999999999998
1,2,3,0,3,5,0.0,7.986,24.2,26.176300000000015
1,3,1,0,3,7,0.2,11.2308,32.088,32.723040000000005
1,14,0,0,3,3,0.2,-33.804,338.04,220.61773000000008
1,15,1,0,3,3,0.0,6.5052,25.02,47.592119999999994
0,9,1,1,3,5,0.0,19.9155,60.35,81.02889999999994
1,14,1,2,0,9,0.0,481.869,1606.23,1676.0412200000012
1,12,0,1,3,9,0.2,30.996,82.656,87.0772
2,13,2,0,3,1,0.0,39.4255,135.95,184.99956000000006
0,9,3,1,3,3,0.0,6.2244,14.82,18.101399999999998
1,2,3,0,2,5,0.0,21.228,73.2,71.55085999999996
2,0,2,0,0,1,0.2,-0.7295,11.672,45.22832
1,3,3,0,1,3,0.2,124.485,398.352,503.54777999999993
2,13,1,0,2,3,0.4,40.4973,269.982,483.97498000000013
0,5,3,0,2,3,0.2,42.1176,842.352,515.0850300000003
0,16,1,1,3,1,0.4,-37.9152,142.182,146.43481599999998
1,7,0,0,3,3,0.0,2.8764,6.12,6.372639999999994
1,12,3,2,0,3,0.2,17.8152,54.816,52.79823999999994
2,0,1,0,0,6,0.0,9.816,98.16,108.83084000000001
1,15,3,1,2,3,0.0,196.5036,4912.59,1299.7064999999996
1,2,3,2,3,3,0.0,6.2016,18.24,21.673300000000005
2,0,3,2,2,3,0.0,66.9546,371.97,269.3158000000001
1,3,3,0,3,2,0.2,5.214,13.904,14.54528
1,8,2,0,3,6,0.2,18.5976,55.104,53.23607999999999
1,10,3,1,2,8,0.2,228.0792,629.184,1743.8678499999996
1,15,0,0,3,4,0.2,6.2064,55.168,51.34874000000005
1,12,1,2,0,1,0.0,26.6304,55.48,56.60219999999995
1,14,0,0,3,3,0.2,2.6811,23.832,28.567960000000006
0,16,3,2,2,1,0.2,11.2839,300.904,329.51485000000025
1,3,3,0,2,4,0.7,-2.5344,3.168,3.8694600000000037
1,12,1,0,2,4,0.0,55.764,123.92,122.50380000000014
1,3,2,0,3,5,0.7,-5.784,7.23,7.508729999999995
1,10,3,1,3,3,0.0,4.4352,9.24,9.37030000000001
1,2,1,1,3,3,0.0,2.0271,6.99,7.218500000000003
1,14,0,1,0,4,0.2,3.9072,52.096,47.61736
1,2,3,0,3,4,0.0,3.1752,11.76,10.991599999999996
0,9,1,0,3,1,0.2,0.6474,3.984,4.991760000000003
1,3,3,1,3,3,0.2,4.872,13.92,14.31736000000001
1,2,3,2,3,2,0.2,2.3686,14.576,18.58472
1,3,2,0,1,11,0.7,-52.5481,68.541,67.74915000000001
2,13,0,2,2,3,0.0,220.4853,449.97,806.0030000000005
0,5,1,0,3,2,0.3,-13.3176,155.372,330.5830839999997
0,9,3,0,2,1,0.0,12.6813,30.93,116.41675999999995
1,2,0,1,3,7,0.0,35.2604,125.93,113.75352
1,10,2,1,3,12,0.2,15.5376,47.808,44.38991999999997
1,14,1,0,3,4,0.0,3.9128,195.64,92.85652
1,12,0,1,2,1,0.0,4.4955,9.99,9.4165
1,14,1,0,3,5,0.0,1.043,14.9,37.42772000000005
0,9,3,2,3,5,0.0,63.6825,303.25,176.90205999999992
1,3,2,0,0,7,0.7,-4.2336,6.048,6.310170000000007
1,3,0,0,3,6,0.0,17.2224,35.88,36.3083
1,14,0,1,3,3,0.2,2.4174,32.232,26.727540000000005
0,5,3,1,1,8,0.2,-29.1168,582.336,628.46839
1,3,3,0,2,6,0.2,6.6294,18.288,19.273199999999996
0,9,2,1,3,2,0.2,5.368,19.52,31.410219999999985
2,11,1,2,0,1,0.0,30.0957,69.99,110.21859
2,0,1,1,3,8,0.0,10.312,103.12,83.15119999999999
2,0,0,2,3,2,0.0,0.891,1.98,7.54304000000001
1,8,0,1,3,6,0.2,7.1928,21.312,20.849839999999983
1,7,1,1,3,2,0.0,8.2156,17.48,17.339700000000004
0,5,0,1,3,5,0.3,-77.333,318.43,477.14617
2,13,1,1,2,6,0.4,-50.3928,251.964,293.62293999999963
1,14,2,0,3,3,0.2,1.962,26.16,25.828860000000017
0,9,0,1,3,2,0.6,-2.5472,6.368,6.6228799999999985
0,9,0,1,3,3,0.0,79.794,306.9,292.4015999999998
1,12,1,0,1,3,0.0,73.41,146.82,146.93989999999985
1,10,0,1,0,4,0.2,5.6956,15.712,16.38783999999999
0,5,1,2,3,2,0.3,-12.0588,281.372,253.79512799999966
1,12,1,1,3,1,0.0,20.0851,40.99,41.33819999999995
1,12,2,1,3,1,0.2,3.799,10.48,11.392240000000001
2,0,0,0,0,2,0.2,14.3952,47.984,71.31434000000003
1,12,2,1,3,2,0.0,6.3504,12.96,12.960000000000019
1,14,1,0,3,3,0.2,3.6744,36.744,38.11608000000001
1,14,3,1,2,2,0.0,310.9872,1295.78,1155.3786200000009
1,10,1,0,3,7,0.0,41.2237,87.71,87.02279999999995
2,0,0,0,0,2,0.0,12.1728,38.04,56.448839999999976
1,12,0,0,2,5,0.0,11.703,24.9,24.82080000000003
0,9,1,0,3,2,0.0,17.4064,40.48,60.49333999999999
1,12,1,2,0,4,0.0,91.968,191.6,195.4964999999999
1,1,1,0,3,4,0.0,4.5448,17.48,17.418599999999998
0,5,3,1,2,2,0.2,6.074,97.184,88.35792000000001
1,10,0,0,3,5,0.2,9.8685,29.24,29.02631999999997
1,15,1,0,2,7,0.2,-1049.3406,4663.736,2108.9337200000014
1,3,1,2,3,1,0.7,-8.6058,12.294,11.526200000000008
1,10,1,0,3,1,0.0,1.512,3.15,3.1877999999999984
2,13,3,2,3,3,0.2,51.1485,818.376,671.6796799999996
1,10,3,1,3,2,0.2,1.9926,5.904,5.882239999999997
1,3,2,2,2,5,0.7,-7.68,11.52,10.482750000000005
1,1,1,0,2,6,0.0,76.3152,293.52,268.7128000000003
1,1,0,2,3,5,0.0,26.564,91.6,104.61705999999995
1,12,0,0,2,3,0.0,7.0218,14.94,14.936400000000035
0,9,3,0,2,3,0.0,10.5072,23.88,29.98490000000001
1,7,0,0,3,3,0.2,13.8267,40.968,39.20783999999995
1,1,0,1,2,3,0.1,5.2272,29.403,18.84506
1,3,0,0,3,7,0.8,-13.8278,8.134,8.9011
1,2,2,0,0,7,0.2,2.6964,23.968,19.11846
0,9,2,1,1,4,0.2,2.5532,15.712,14.78816
2,0,3,0,0,2,0.0,34.993,99.98,137.63991999999985
1,1,3,2,3,6,0.0,136.6176,487.92,398.56539999999967
1,14,1,0,3,4,0.2,-42.588,227.136,234.26231000000004
1,3,1,1,3,13,0.2,77.8232,222.352,241.3141600000002
1,8,1,0,3,7,0.0,12.6077,40.67,25.9349
1,3,3,1,3,1,0.2,3.3544,9.584,9.56823999999999
1,3,1,2,3,6,0.7,-21.7932,29.718,27.28211
1,3,3,1,2,2,0.2,294.5488,841.568,867.45746
1,8,1,0,2,9,0.0,13.3245,29.61,28.155200000000004
1,3,3,2,3,3,0.2,25.5798,75.792,70.66328000000004
1,12,3,0,3,7,0.0,21.7728,45.36,45.409800000000004
0,9,2,1,3,3,0.0,9.3228,27.42,27.501600000000007
1,3,2,2,3,3,0.7,-3.0366,4.338,4.324409999999998
0,9,1,0,2,1,0.0,3.9831,12.07,27.756359999999987
1,3,1,0,3,3,0.0,48.3771,102.93,105.18890000000005
2,13,1,0,2,2,0.4,-2.0774,9.588,18.40387999999999
1,3,3,1,3,2,0.2,6.475,20.72,18.763279999999988
0,16,3,1,3,3,0.0,111.1035,653.55,657.2831999999997
2,13,1,2,3,1,0.0,4.5954,9.99,37.51765999999997
1,10,2,0,3,2,0.2,1.764,5.04,5.034400000000009
1,3,1,0,3,3,0.2,4.8519,14.376,14.426800000000013
0,9,1,0,3,2,0.2,3.3488,11.648,30.39023999999999
2,0,3,2,3,3,0.0,22.6737,107.97,83.67302000000001
1,14,0,0,0,2,0.2,19.824,264.32,266.08914999999996
1,14,1,0,3,3,0.0,0.0,272.94,331.22776000000005
1,12,1,0,0,2,0.0,6.9888,14.56,14.905100000000006
1,3,0,0,3,5,0.0,5.184,10.8,11.080300000000001
2,0,1,2,1,3,0.2,65.9934,239.976,298.9025999999999
1,1,0,0,2,2,0.0,7.254,24.18,24.95589999999999
1,3,0,0,1,4,0.0,14.4648,29.52,29.72219999999998
2,11,1,1,3,7,0.0,2365.9818,9099.93,5092.054499999996
2,13,3,1,3,9,0.2,141.723,377.928,1622.5738399999982
1,12,3,1,3,3,0.0,9.3312,19.44,19.44000000000004
1,2,1,1,3,2,0.0,1.4952,5.34,4.004799999999993
2,11,1,0,1,2,0.7,-71.3958,101.994,125.78628999999995
1,2,1,0,1,5,0.2,1.926,17.12,16.82608
1,14,2,1,0,3,0.2,1.962,26.16,27.822960000000016
1,1,0,0,3,3,0.8,-7.392,2.688,27.58844000000001
2,13,2,0,3,2,0.2,9.2386,105.584,110.69716000000015
1,2,3,0,2,2,0.0,12.298,47.3,37.217899999999965
1,2,2,0,3,3,0.0,6.4584,17.94,20.4536
0,16,0,1,3,7,0.0,350.427,1592.85,1560.6563999999998
1,3,3,0,3,3,0.2,11.1384,34.272,33.395760000000024
1,12,0,0,2,7,0.0,25.2315,56.07,52.164200000000065
1,14,1,0,3,2,0.2,19.824,264.32,232.78200999999993
0,9,1,2,3,3,0.2,6.4944,64.944,38.34806000000001
1,14,1,1,2,1,0.0,16.7886,62.18,79.72399999999998
0,9,0,1,3,5,0.6,-29.512,38.08,47.28332000000001
1,15,3,1,3,3,0.0,5.166,17.22,107.39563999999997
2,0,3,2,0,2,0.2,13.5626,63.824,59.71106000000002
0,9,2,1,3,1,0.0,21.2954,51.94,88.7554
1,12,1,0,3,2,0.2,3.89,12.448,11.539440000000004
2,0,3,0,3,3,0.0,146.7693,772.47,578.1985000000005
1,7,3,1,2,3,0.0,122.148,271.44,266.0132
1,12,1,1,3,3,0.0,16.6698,34.02,34.29080000000001
1,7,1,0,3,4,0.2,8.4024,24.896,24.23071999999999
1,12,3,0,1,3,0.0,6.5856,13.44,14.300999999999998
0,9,3,0,2,5,0.0,10.89,24.75,47.45782000000002
1,12,2,0,3,5,0.0,9.63,21.4,20.927200000000017
1,14,1,1,1,1,0.2,4.168,66.688,38.80668
1,3,1,0,3,9,0.7,-83.205,99.846,84.86291000000001
0,9,2,1,0,10,0.2,45.954,159.84,385.46941999999973
1,15,3,2,2,2,0.0,2.19,7.3,15.27671999999999
1,3,2,2,3,6,0.0,41.4276,90.06,88.57509999999996
1,2,0,0,3,2,0.2,4.504,45.04,45.57527999999998
1,3,1,1,2,2,0.2,2.8836,8.544,8.20183999999999
1,1,1,0,2,8,0.0,735.0336,2625.12,2083.6913400000008
1,12,1,0,3,2,0.0,6.2208,12.96,12.961200000000018
1,12,3,2,3,8,0.0,32.936,71.6,70.01900000000002
1,14,3,2,2,14,0.0,75.6952,270.34,486.63988000000035
1,14,0,0,0,1,0.2,0.8088,10.784,13.758599999999994
1,15,0,0,2,3,0.0,6.63,25.5,92.06183999999993
2,13,3,1,3,3,0.2,8.2764,110.352,98.65880000000001
2,13,0,0,3,2,0.2,16.704,148.48,162.02599999999975
0,5,1,2,3,3,0.1,31.941,191.646,271.4031000000001
0,5,3,1,3,6,0.2,-38.2116,436.704,532.2143899999998
0,9,1,1,2,2,0.0,3.0814,9.94,9.671200000000011
1,2,0,1,3,5,0.0,3.753,13.9,13.510039999999998
1,7,0,0,3,2,0.0,8.2156,17.48,17.406900000000007
1,1,1,1,3,5,0.0,281.016,1040.8,864.2030999999993
0,16,3,1,2,2,0.2,-3.3506,24.368,82.18503999999993
1,3,2,1,2,3,0.0,2.7072,5.64,5.827719999999992
2,13,3,0,3,2,0.2,20.1584,201.584,213.53815999999992
0,9,3,0,1,4,0.0,11.6496,32.36,52.49212000000002
0,5,3,0,3,5,0.2,22.941,203.92,367.0322799999998
2,11,3,0,3,2,0.2,223.054,686.32,1584.1711999999984
0,4,2,0,3,5,0.2,-81.441,723.92,565.7174699999996
1,1,1,2,3,6,0.2,1.2528,16.704,19.949020000000004
0,9,3,2,3,5,0.2,7.068,23.56,29.78288
0,9,2,0,2,3,0.0,7.9128,18.84,22.29480000000001
1,7,3,1,3,1,0.0,4.89,9.78,10.345700000000004
1,15,3,1,0,2,0.0,14.4222,480.74,106.32914000000004
1,1,0,1,3,3,0.8,-87.1488,34.176,35.17776000000001
0,9,2,0,2,3,0.0,41.0388,186.54,177.36822000000015
0,5,0,0,3,5,0.3,-13.81,966.7,605.8406514999998
2,13,1,2,2,8,0.4,-81.664,445.44,505.46790100000027
1,3,2,0,3,2,0.7,-2.9964,4.086,3.8454600000000028
1,14,3,2,0,3,0.0,26.07,104.28,119.15220000000011
1,3,2,2,3,2,0.7,-14.592,18.24,19.08721999999999
1,2,0,0,3,5,0.2,15.393,175.92,111.31126000000003
1,7,0,0,3,2,0.0,7.4872,15.28,15.33469999999998
0,4,1,1,0,4,0.5,-53.2856,61.96,240.4936539999997
1,3,3,0,3,2,0.2,20.1656,62.048,58.181519999999935
1,14,1,1,2,6,0.2,-337.806,1801.632,1880.3608560000025
1,12,3,0,3,2,0.0,9.2928,19.36,19.437799999999974
1,14,0,0,3,1,0.0,47.7306,265.17,276.01060000000024
1,10,3,0,2,9,0.0,13.3056,27.72,28.1152
1,1,3,2,3,6,0.0,66.3264,236.88,235.78430000000014
1,2,2,1,2,7,0.0,4.1769,15.47,13.919080000000008
0,5,3,0,3,3,0.2,13.7646,122.352,219.10011000000003
1,3,3,0,2,4,0.2,7.384,22.72,22.503039999999995
2,13,1,1,2,3,0.0,53.4519,197.97,211.18439999999987
1,2,3,2,3,8,0.0,10.5072,31.84,36.706
2,0,0,1,3,1,0.0,0.552,6.9,9.602440000000012
0,9,2,1,3,2,0.0,4.2804,14.76,13.562059999999988
2,0,1,0,3,3,0.2,2.175,34.8,49.13380000000001
1,1,3,0,3,13,0.2,84.5728,845.728,577.8621800000003
1,12,0,0,3,3,0.2,9.8658,27.216,27.93159999999998
1,12,3,0,3,2,0.2,3.6288,10.368,10.329840000000022
2,0,1,2,0,2,0.2,21.897,116.784,118.11066000000002
1,3,1,0,0,4,0.7,-13.8432,19.776,18.71259999999999
1,3,0,1,3,3,0.8,-5.8869,3.798,3.5447400000000022
2,13,3,2,3,3,0.2,22.6782,302.376,284.36304000000007
1,12,3,0,2,1,0.0,9.3906,19.98,19.424400000000013
1,12,1,2,3,1,0.0,3.5767,7.61,7.698800000000001
1,1,3,1,2,6,0.2,28.4928,325.632,269.2816600000001
1,12,3,2,3,6,0.0,25.02,50.04,52.00610000000004
1,3,1,1,3,2,0.2,37.1084,102.368,104.24255999999993
2,13,2,0,3,3,0.0,197.991,659.97,704.2536000000009
1,12,1,0,3,4,0.2,7.2576,20.736,20.745600000000046
1,10,1,0,0,8,0.2,7.9704,23.616,23.45519999999999
1,12,1,2,3,5,0.0,17.472,36.4,37.306800000000045
1,14,0,2,3,4,0.0,13.9328,49.76,245.3645999999998
1,3,2,1,3,7,0.0,1276.4871,2715.93,3069.9293599999983
1,3,0,2,3,3,0.0,34.3896,74.76,72.07790000000001
0,5,1,0,0,3,0.1,102.4998,542.646,631.1993999999999
1,7,0,0,3,3,0.2,9.3444,28.752,26.956239999999983
2,6,3,2,3,2,0.2,89.997,479.984,480.3794599999998
0,5,3,1,2,1,0.2,-14.4078,104.784,111.7919099999999
1,12,3,1,0,11,0.0,92.5056,192.72,257.90809999999993
0,9,3,2,3,7,0.0,21.7532,63.98,95.02641999999996
0,5,3,0,3,3,0.2,-19.1058,218.352,197.9674400000002
1,2,0,2,3,1,0.0,0.868,2.48,3.2701599999999966
1,12,0,0,3,3,0.0,8.4528,17.61,17.420399999999987
1,15,3,2,3,2,0.2,-34.758,185.376,218.75178000000008
1,12,3,0,3,2,0.0,7.6798,16.34,16.558099999999982
2,13,1,1,0,5,0.0,163.787,629.95,626.0448999999994
1,3,1,1,3,3,0.7,-2.7588,3.762,3.4935900000000033
0,5,3,0,2,2,0.2,51.4764,457.568,597.4571999999993
1,1,0,0,3,3,0.8,-459.6072,176.772,231.19268999999989
1,1,2,0,3,2,0.0,12.264,35.04,38.452299999999966
1,10,3,0,3,3,0.0,14.904,31.05,30.606699999999996
1,3,1,0,3,2,0.0,3.4368,7.16,7.224699999999997
0,16,1,0,1,7,0.4,-290.8752,1090.782,1020.7077
1,10,0,0,3,3,0.0,6.8724,14.94,14.93700000000003
0,9,3,2,1,2,0.0,1.598,31.96,18.622220000000024
1,14,0,0,2,4,0.2,-32.784,131.136,181.2860700000002
1,2,2,0,3,7,0.0,68.6868,264.18,245.52550000000014
1,1,1,0,0,1,0.2,3.8682,34.384,33.70752000000002
0,9,3,2,0,2,0.0,14.6718,44.46,79.63384
1,10,3,1,0,4,0.0,23.5564,50.12,49.164499999999954
0,9,3,2,0,3,0.0,12.0609,44.67,43.264820000000036
1,12,0,1,2,5,0.0,83.284,177.2,220.40710000000013
1,2,3,0,3,2,0.0,0.8736,3.36,3.2520000000000016
1,1,3,1,3,2,0.0,29.5776,75.84,104.52989999999991
1,1,1,0,3,13,0.0,511.368,1704.56,1719.239059999998
1,7,2,2,2,2,0.0,32.346,71.88,67.75319999999996
0,4,1,0,3,3,0.0,56.9943,299.97,264.2827799999997
2,0,1,0,0,2,0.0,3.3,30.0,30.191620000000007
1,2,0,0,0,5,0.2,5.775,46.2,46.795680000000004
1,3,3,0,2,2,0.2,16.3352,46.672,48.623999999999995
1,1,0,0,0,2,0.8,-54.5496,21.392,22.115819999999985
0,9,2,0,0,2,0.0,2.7776,8.96,7.826660000000003
1,2,3,2,2,4,0.0,26.376,87.92,95.89989999999997
1,3,3,1,3,2,0.2,2.5592,7.312,8.081280000000001
2,0,1,0,2,5,0.0,34.96,87.4,150.7037999999999
1,2,3,1,3,3,0.0,3.717,12.39,13.661000000000007
1,10,2,0,0,3,0.0,5.2029,11.07,10.962800000000016
1,14,1,0,0,3,0.2,2.337,37.392,33.09679999999999
1,2,0,2,2,5,0.0,3.614,13.9,13.0966
1,12,3,2,2,5,0.0,52.532,114.2,112.55470000000007
2,13,1,1,3,6,0.0,216.8244,833.94,808.2117000000009
2,13,3,1,3,4,0.2,38.3572,438.368,430.12175999999994
1,1,0,2,2,6,0.8,-24.7086,9.324,16.641179999999977
2,13,0,0,0,2,0.2,5.999,95.984,62.52276000000004
2,0,0,2,3,5,0.2,8.388,27.96,81.66291999999993
1,12,0,1,3,6,0.0,72.8088,158.28,153.25860000000003
1,3,3,2,3,3,0.2,13.896,37.056,40.17287999999994
1,10,1,0,1,5,0.0,7.056,14.4,14.442500000000019
2,13,3,0,3,3,0.2,19.755,52.68,144.8098799999999
1,3,3,0,3,9,0.2,101.5794,312.552,327.78936
0,9,1,1,3,2,0.0,14.5728,40.48,57.38444000000002
1,12,3,2,2,3,0.0,68.976,143.7,144.52450000000007
1,12,2,2,2,5,0.0,15.552,32.4,32.402800000000056
1,2,3,2,3,6,0.0,6.4944,19.68,19.98780000000002
1,14,2,1,1,2,0.2,2.1588,24.672,52.472180000000044
1,3,3,1,2,2,0.2,2.244,5.984,6.565680000000001
1,3,1,2,2,3,0.2,23.1093,68.472,70.97743999999997
2,13,3,0,3,10,0.2,26.973,79.92,330.68531999999993
1,7,2,0,3,4,0.0,14.6264,31.12,29.962999999999983
2,13,3,2,3,3,0.2,25.0182,333.576,300.5017600000002
1,12,2,2,3,14,0.0,147.0896,319.76,571.3844999999998
2,0,1,0,2,2,0.2,0.5,40.0,43.00623999999996
1,2,2,0,3,2,0.0,11.1176,42.76,35.47779999999997
1,14,1,0,3,2,0.0,41.68,166.72,216.40860000000023
1,14,3,1,3,3,0.0,8.4888,31.44,60.98309999999994
0,9,0,2,0,5,0.0,10.048,31.4,43.89750000000001
1,2,3,0,0,5,0.0,4.756,16.4,16.567300000000007
2,11,3,0,3,3,0.2,116.2425,371.976,504.2180599999996
1,1,0,2,3,2,0.0,178.91,715.64,634.3788000000001
2,0,0,1,2,2,0.2,6.5,20.8,47.661659999999976
1,15,3,1,1,2,0.0,11.586,231.72,126.41004
0,5,3,2,0,8,0.2,-73.8192,454.272,580.3668999999996
1,2,0,0,3,3,0.0,2.5056,8.64,8.53719999999999
1,3,0,0,3,4,0.0,5.6448,11.52,12.018499999999987
1,3,1,1,3,3,0.2,3.7596,11.568,10.912000000000004
1,1,1,1,3,2,0.0,27.5292,101.96,104.03589999999993
0,5,0,0,1,5,0.3,-350.49,2453.43,1862.5797400000004
0,9,0,2,3,7,0.6,-312.0614,254.744,315.618995
1,8,3,0,3,5,0.0,9.604,19.6,20.61230000000002
1,7,3,2,0,3,0.2,5.2026,14.352,14.406960000000002
0,16,1,1,3,7,0.3,-28.224,493.92,570.34432
1,3,3,1,3,1,0.2,2.5592,7.312,8.098240000000002
1,7,1,2,0,7,0.2,62.8075,200.984,209.58639000000014
1,2,0,0,3,2,0.2,0.559,3.44,5.996320000000001
2,13,2,0,3,5,0.2,13.572,180.96,169.88491999999974
2,13,2,0,2,5,0.0,55.647,206.1,239.45329999999984
2,0,3,0,3,11,0.0,46.7313,274.89,218.40499999999997
1,12,3,1,3,6,0.0,18.6624,38.88,38.87840000000008
2,13,2,1,0,5,0.0,168.1855,579.95,628.0705999999996
1,3,0,2,0,5,0.8,-11.52,7.68,6.790460000000001
2,0,2,0,2,2,0.0,7.9984,99.98,77.7223399999999
2,0,1,1,3,1,0.2,1.7055,9.096,25.171619999999997
2,0,0,1,0,9,0.0,56.0547,143.73,247.3276400000001
1,12,2,0,3,3,0.2,5.4432,15.552,15.551999999999978
1,14,1,0,2,8,0.0,27.9344,107.44,443.76325999999995
1,1,3,0,2,4,0.0,22.7024,81.08,84.04539000000003
1,1,1,1,3,3,0.0,3.0342,11.67,16.90566
0,4,3,2,3,1,0.0,18.6956,84.98,156.30821999999984
0,5,3,0,3,4,0.2,-12.196,195.136,271.5799300000001
0,9,1,2,3,4,0.0,3.9248,8.92,13.006339999999996
0,16,1,1,3,2,0.4,-75.8304,284.364,282.2697170000003
0,9,3,0,3,5,0.2,4.008,13.36,21.598400000000016
1,2,2,2,3,4,0.0,12.936,46.2,44.76710000000002
1,2,1,0,3,2,0.0,1.7608,5.68,5.563699999999998
1,12,0,0,3,4,0.2,7.4,23.68,23.154319999999995
1,3,0,0,3,1,0.8,-1.9744,1.234,1.208520000000001
2,0,1,1,0,3,0.0,18.8937,89.97,77.98371999999999
1,7,0,2,3,9,0.2,35.415,113.328,103.28159999999998
2,13,0,0,2,3,0.2,13.8579,158.376,165.41716
1,3,0,0,2,3,0.0,28.41,56.82,61.968999999999994
1,12,1,0,3,2,0.0,8.7138,18.54,18.615099999999995
1,12,3,0,3,4,0.0,13.32,29.6,27.55400000000002
1,15,1,0,3,2,0.0,0.0636,6.36,12.489099999999983
1,12,3,1,0,2,0.0,8.0464,17.12,17.690300000000022
0,4,3,1,3,6,0.15,34.494,586.398,387.6455350000001
2,13,1,2,3,5,0.0,247.485,824.95,932.6615399999988
1,3,1,0,2,1,0.2,3.7128,11.424,10.457120000000007
1,12,3,1,3,2,0.0,5.3214,10.86,11.425300000000004
1,3,3,0,3,7,0.2,13.4925,43.176,38.94343999999998
1,8,0,0,3,2,0.2,6.1992,18.368,17.958159999999996
2,0,3,2,0,3,0.2,-8.4582,112.776,275.64086999999955
2,0,3,0,3,2,0.0,8.4966,49.98,47.10049999999999
1,1,2,0,3,3,0.0,41.2938,152.94,127.12290999999996
1,2,3,0,3,9,0.0,48.9645,181.35,176.01114000000013
2,13,2,2,3,4,0.0,204.1092,755.96,760.1032000000002
2,13,2,2,3,2,0.0,6.104,21.8,51.934580000000025
2,13,1,0,0,5,0.0,157.4875,629.95,637.1756999999999
2,0,0,0,0,11,0.0,61.3305,175.23,208.18113999999997
0,9,3,0,3,3,0.0,28.518,58.2,83.65559999999994
0,16,0,1,3,1,0.3,-16.2613,103.481,99.43259999999991
2,0,3,0,2,12,0.0,130.752,435.84,449.37390000000005
2,0,2,0,3,2,0.2,-4.14,110.4,33.702319999999986
0,9,3,1,3,3,0.2,4.368,24.96,27.025899999999993
2,13,0,0,3,1,0.2,13.2293,151.192,106.16960000000009
0,5,1,0,3,5,0.3,-93.99,657.93,534.0283800000002
0,9,1,0,3,3,0.2,-21.4704,190.848,211.40475999999995
0,9,1,1,0,4,0.2,-4.1568,41.568,114.48032
0,16,1,2,0,2,0.4,-83.8752,314.532,361.54167500000017
1,14,3,0,3,2,0.0,0.4068,40.68,29.966340000000027
0,16,1,1,3,2,0.4,-19.5492,53.316,107.53525399999995
1,10,2,1,2,2,0.0,4.8118,9.82,9.976300000000014
1,1,2,0,0,4,0.2,64.0728,569.536,623.2937600000002
0,16,1,1,2,8,0.4,-734.5264,1421.664,1955.2346260000015
1,3,0,0,3,3,0.8,-5.0688,3.168,3.161880000000002
2,0,3,2,0,2,0.0,87.9912,199.98,223.66790000000012
1,12,3,0,3,3,0.2,5.6115,15.48,16.043759999999978
2,13,1,2,0,1,0.4,-11.5188,57.594,180.36160000000015
2,13,3,2,0,4,0.2,70.5564,627.168,730.6703800000003
1,3,3,0,3,3,0.2,3.9312,11.232,11.214639999999985
0,9,1,0,0,2,0.2,10.3936,51.968,67.83559999999999
0,5,1,0,2,9,0.3,-630.882,4416.174,2071.8295840000005
0,4,1,1,3,4,0.5,-81.94,163.88,174.70244699999975
2,0,3,1,3,5,0.0,46.602,129.45,145.2150000000001
1,12,0,2,3,3,0.2,3.21,10.272,10.213840000000019
1,12,1,2,1,4,0.2,7.2576,20.736,20.728000000000044
0,5,2,1,0,3,0.2,25.875,207.0,255.30998499999998
1,12,1,0,3,3,0.0,7.0218,14.94,14.947600000000033
1,12,1,0,1,9,0.0,21.0654,44.82,45.23570000000001
1,14,1,1,3,3,0.0,80.0199,296.37,441.6954000000002
1,12,3,2,2,2,0.0,6.4128,13.36,13.351999999999984
0,9,0,0,2,6,0.0,213.6888,821.88,808.3065999999995
1,1,3,1,3,1,0.0,2.0979,7.77,8.11975999999999
1,12,1,1,3,7,0.0,16.3842,34.86,35.95380000000001
1,10,1,1,3,11,0.2,18.018,55.44,53.86007999999998
1,14,0,0,0,2,0.2,-2.974,47.584,46.297919999999955
1,1,1,1,3,2,0.0,45.5392,162.64,157.81319
2,0,1,2,2,3,0.0,66.9546,371.97,291.59180000000015
0,5,2,1,3,3,0.2,-13.6776,273.552,226.64788999999993
2,0,3,0,2,8,0.2,14.0712,102.336,73.21142000000005
1,3,1,0,3,6,0.0,21.4032,43.68,45.841500000000025
1,8,3,0,3,3,0.0,5.0055,10.65,10.998700000000007
2,13,1,1,3,2,0.0,67.2742,231.98,247.60089999999983
1,12,3,0,2,4,0.0,12.4416,25.92,25.960500000000035
0,5,3,0,3,2,0.2,22.5296,225.296,220.56789999999975
0,9,0,0,2,3,0.0,4.6221,14.91,14.658440000000011
1,14,1,2,3,4,0.0,1.6712,83.56,69.21579999999999
1,14,1,0,3,7,0.2,17.9592,239.456,317.15073999999987
2,0,2,0,3,2,0.2,7.6154,46.864,41.91034000000003
1,3,0,0,0,2,0.8,-3.2406,1.964,1.957679999999998
1,3,3,0,0,6,0.2,6.6906,19.824,19.22928
1,12,3,2,1,1,0.0,22.992,47.9,48.49269999999997
1,12,0,0,3,7,0.0,23.59,47.18,48.99569999999998
1,12,0,0,3,1,0.2,1.8144,5.184,5.1952000000000105
1,3,3,0,0,7,0.7,-3.465,4.158,4.651220000000002
1,2,1,2,0,4,0.0,2.8912,11.12,10.258520000000008
1,14,1,0,0,3,0.0,5.841,116.82,153.56985999999992
0,5,0,0,0,8,0.0,673.8816,2807.84,2616.5784899999985
1,3,0,0,2,5,0.8,-8.029,5.18,5.067580000000001
1,14,0,0,1,3,0.0,23.3163,333.09,163.5960600000001
1,14,0,0,3,3,0.2,-8.1822,50.352,143.89928000000006
1,2,3,0,3,3,0.0,3.1008,9.12,10.007460000000002
0,5,0,0,2,4,0.3,-12.148,170.072,367.52617599999974
0,9,3,1,1,4,0.0,8.0968,27.92,26.048700000000004
1,3,3,0,3,6,0.2,5.4288,14.976,15.579840000000011
2,11,3,1,0,3,0.2,62.82,837.6,602.5011799999995
1,2,2,1,3,2,0.2,2.6412,35.216,23.66031999999999
1,1,2,0,3,4,0.2,156.338,962.08,883.7471400000001
2,13,3,0,3,2,0.2,113.998,911.984,867.84104
0,9,0,1,3,2,0.0,4.3524,16.74,14.180519999999996
0,5,1,1,3,3,0.3,-18.0882,422.058,288.9845200000002
1,2,0,2,3,4,0.0,4.9648,17.12,15.069200000000016
0,5,0,0,3,3,0.0,72.6408,302.67,312.3012999999995
2,0,0,0,3,2,0.2,13.9972,79.984,65.91418000000004
1,2,1,2,2,1,0.2,1.0269,3.912,4.557059999999998
1,12,3,2,3,3,0.0,53.4954,113.82,111.50579999999992
1,2,3,2,1,3,0.0,2.106,7.8,8.449320000000007
1,14,0,0,1,2,0.2,32.6628,290.336,371.9581399999999
1,14,1,0,0,2,0.0,5.8708,22.58,39.68163999999999
1,10,3,0,2,5,0.0,24.84,51.75,51.76820000000002
2,13,0,0,3,3,0.0,105.8316,377.97,381.25490000000013
0,5,1,1,2,2,0.3,-5.524,386.68,207.5445799999998
1,14,3,0,2,10,0.0,68.585,236.5,484.3123000000001
1,12,2,1,2,7,0.0,40.4012,85.96,86.23349999999995
2,0,0,0,3,9,0.2,64.7892,431.928,515.68398
2,0,1,0,3,5,0.0,21.9945,199.95,142.93900000000008
1,10,0,1,3,8,0.0,23.184,50.4,49.04999999999998
1,3,0,1,3,6,0.0,17.6088,38.28,37.209600000000016
1,1,0,0,3,4,0.1,93.5816,247.716,418.80956
1,10,3,1,2,14,0.0,196.6132,427.42,875.37856
1,3,3,0,3,2,0.7,-13.312,19.968,18.472949999999987
1,12,1,2,3,1,0.2,1.6762,4.624,4.653760000000007
0,9,3,0,3,2,0.0,11.1664,39.88,50.93980000000006
1,12,0,1,0,7,0.2,15.5092,42.784,45.864240000000024
0,9,3,0,3,3,0.0,12.8568,29.22,48.70671999999999
1,8,3,2,3,8,0.2,-11.8256,49.792,15.937019999999993
1,3,3,1,3,7,0.2,53.9217,159.768,156.03583999999998
1,12,3,2,3,4,0.0,92.2368,192.16,195.1763999999999
0,5,1,0,3,9,0.3,0.0,1537.074,603.7658349999997
1,2,1,0,3,2,0.0,0.9828,3.64,3.013059999999998
2,13,2,1,2,4,0.2,58.38,467.04,524.0315399999995
0,4,0,0,3,4,0.0,41.3928,459.92,326.6640049999999
1,12,3,1,0,5,0.0,7.065,15.7,15.167800000000026
0,5,1,0,0,1,0.1,10.647,63.882,116.20226999999994
1,12,3,0,3,2,0.0,5.8604,11.96,12.071500000000016
1,1,1,0,3,3,0.0,152.0232,542.94,517.3282000000006
1,12,3,0,3,3,0.0,7.6146,15.54,16.268399999999996
1,1,3,0,3,4,0.0,16.296,54.32,53.48620000000003
1,3,2,0,3,4,0.7,-31.6712,43.188,38.689170000000004
0,9,1,2,3,1,0.0,8.5914,19.98,33.064679999999974
1,8,1,0,3,6,0.0,10.5252,21.48,22.0647
0,5,1,0,3,5,0.3,-14.081,492.835,667.9200309999999
0,4,3,0,0,5,0.7,-320.597,181.47,289.5835299999997
1,12,2,0,2,1,0.2,1.07,3.424,3.18488
1,3,0,0,3,5,0.8,-6.36,4.24,3.9004900000000022
1,3,0,0,3,5,0.8,-13.7175,8.85,8.682679999999998
1,10,0,2,3,6,0.2,20.2986,60.144,57.76967999999995
1,14,3,0,2,2,0.0,17.38,69.52,105.71530000000013
0,4,0,1,3,1,0.0,20.9274,160.98,144.19131799999985
1,3,3,1,2,2,0.2,3.2832,9.728,9.67432
1,3,3,0,3,8,0.2,40.3704,119.616,119.98880000000003
1,3,0,0,0,1,0.8,-11.0848,6.928,6.449690000000001
2,0,3,1,2,2,0.2,-1.459,23.344,42.89391
1,3,1,1,3,3,0.2,4.2666,13.128,13.528720000000012
1,12,2,2,3,2,0.2,3.2616,9.664,9.67848
1,3,1,0,3,2,0.7,-11.9616,14.952,15.522300000000005
0,4,0,2,2,2,0.0,41.1332,241.96,204.6624499999997
2,11,1,0,3,8,0.0,648.5624,1379.92,2171.5847300000005
2,0,0,2,3,4,0.0,70.312,159.8,199.69309999999976
1,12,0,1,2,5,0.2,27.972,79.92,84.48232000000002
2,13,0,2,1,1,0.2,-7.3015,34.36,34.67536
1,3,3,1,3,4,0.2,7.2268,19.936,20.102079999999972
2,0,0,0,3,6,0.2,-9.282,106.08,77.77951999999989
1,12,2,0,3,2,0.2,3.7408,10.688,10.62048
1,15,3,0,0,2,0.0,5.3196,20.46,40.2123
1,7,3,0,0,3,0.0,2.8764,6.12,6.126599999999996
1,3,2,0,3,3,0.7,-3.4914,4.554,4.751400000000001
1,12,3,2,0,5,0.0,23.232,48.4,49.28399999999995
1,3,3,0,3,3,0.2,51.8238,153.552,151.6521599999998
1,12,1,1,3,2,0.0,18.2112,37.94,37.93880000000004
1,12,3,2,3,4,0.0,16.0928,34.24,34.02220000000005
2,0,1,2,3,4,0.0,115.1856,319.96,322.87849999999986
0,9,1,0,3,4,0.0,15.0864,35.92,107.78130000000004
0,9,3,0,2,3,0.0,4.4712,12.42,11.987699999999993
1,1,0,0,3,2,0.8,-38.8212,15.224,17.30909999999999
1,3,1,0,2,6,0.2,55.5822,164.688,156.72367999999997
1,15,2,1,3,7,0.2,5.1282,45.584,48.952300000000044
0,9,3,0,1,3,0.0,10.4148,31.56,45.58054000000002
1,2,2,2,3,3,0.2,0.4644,6.192,5.317079999999997
2,0,3,1,3,2,0.0,6.48,36.0,30.786580000000004
1,2,0,2,3,1,0.0,2.6416,10.16,7.927100000000003
1,2,1,0,3,2,0.0,17.99,71.96,57.80246000000001
1,14,3,0,3,4,0.0,38.9312,139.04,247.15850000000032
1,7,1,1,3,3,0.2,21.1977,62.808,58.44688
1,12,0,2,0,10,0.0,31.188,67.8,68.11160000000001
2,0,3,0,3,7,0.0,7.896,131.6,62.217980000000026
2,0,0,2,2,5,0.2,33.9065,159.56,216.24586000000014
2,13,1,0,3,5,0.0,22.087,84.95,80.73010000000006
1,2,0,2,0,3,0.2,3.5529,21.864,23.822200000000016
2,13,1,2,0,1,0.0,11.1294,41.22,79.06382000000004
1,12,2,0,3,5,0.0,15.552,32.4,32.400000000000055
1,12,1,0,3,5,0.0,42.048,87.6,90.99059999999997
0,5,0,1,3,8,0.0,585.552,1951.84,2320.4160099999986
2,0,1,0,3,4,0.2,8.8008,37.056,56.58641999999996
1,12,1,2,2,3,0.0,17.22,34.44,35.777100000000026
1,3,3,1,1,2,0.2,2.6936,8.288,7.70679999999999
1,7,1,0,3,4,0.0,29.2716,62.28,62.87929999999995
2,13,0,0,1,1,0.2,4.1391,36.792,39.20686000000001
0,4,1,1,3,4,0.2,9.3024,186.048,297.2836649999997
1,12,3,0,0,1,0.0,50.328,104.85,106.13380000000018
0,9,2,0,3,4,0.2,0.0,339.136,151.13800000000015
1,14,1,1,3,5,0.0,84.51,704.25,850.4429999999999
1,3,1,1,0,6,0.2,11.7936,34.944,36.01607999999999
1,12,3,1,3,1,0.0,3.1104,6.48,6.48060000000001
1,7,1,0,3,2,0.0,78.9412,167.96,171.3260999999998
2,6,1,1,3,2,0.2,89.997,479.984,473.0386999999996
2,6,3,0,3,2,0.2,377.9946,1119.984,1302.8282599999989
1,14,1,0,2,9,0.0,362.8404,1395.54,1441.9706000000006
0,16,0,0,3,1,0.3,-13.1706,102.438,127.28782999999996
2,13,1,0,0,3,0.0,3.8655,128.85,166.74824
1,12,2,2,1,7,0.0,160.9139,342.37,388.2878999999999
1,14,1,1,3,2,0.2,1.5008,15.008,23.173360000000006
0,4,3,1,3,8,0.7,-363.528,242.352,267.3428099999997
1,3,2,1,3,1,0.7,-1.8106,2.469,2.5200000000000005
1,12,0,0,3,4,0.0,12.6592,27.52,26.33450000000002
1,1,1,0,3,5,0.0,129.7725,393.25,409.1131999999997
1,12,1,2,3,4,0.2,7.2576,20.736,20.728000000000044
1,15,0,1,2,5,0.2,-1.744,8.72,41.65418000000004
1,10,3,2,3,8,0.0,9.6048,20.88,20.617900000000024
2,6,3,1,2,2,0.2,329.994,879.984,1299.330279999999
1,10,3,0,2,2,0.0,4.5816,9.96,9.857500000000009
2,13,2,1,2,2,0.0,39.55,79.1,175.03886000000006
0,9,3,0,2,4,0.0,29.1456,80.96,87.37061999999995
1,3,3,2,3,2,0.7,-15.8356,21.594,20.946789999999982
1,14,3,0,2,2,0.0,9.99,55.5,140.83797999999996
1,3,0,1,3,7,0.8,-20.1663,12.222,12.044860000000005
1,1,1,0,0,4,0.2,13.7016,121.792,103.73874000000005
1,12,3,0,2,3,0.0,9.3312,19.44,19.44000000000004
1,8,0,1,3,2,0.2,3.945,12.624,11.629760000000003
1,3,0,0,3,3,0.8,-20.1408,12.588,11.758260000000005
1,14,3,1,3,7,0.0,290.0058,1000.02,1051.3761000000004
1,10,3,0,3,2,0.0,4.5816,9.96,9.961900000000009
2,11,1,0,3,7,0.7,-24.276,30.345,211.2915599999998
2,13,2,0,2,5,0.0,274.386,979.95,960.5245999999987
1,8,1,1,0,9,0.2,6.9732,21.456,20.087999999999994
2,13,3,0,3,9,0.2,70.1955,1123.128,723.2425400000004
0,5,0,1,3,4,0.3,-93.4724,344.372,431.7263320000002
1,10,1,2,0,2,0.0,4.8118,9.82,9.910100000000014
2,0,2,0,3,5,0.2,-1.3995,111.96,80.14884000000005
1,3,3,2,3,6,0.2,67.86,180.96,208.71936000000022
1,14,2,0,3,3,0.0,87.7578,675.06,528.5479000000005
1,10,3,1,3,2,0.0,5.796,12.6,12.542399999999997
1,14,2,2,3,7,0.2,30.4682,348.208,345.1733199999997
1,14,1,0,3,7,0.0,28.4809,98.21,226.95576
1,12,1,2,3,5,0.0,21.7845,46.35,45.73329999999999
1,2,3,2,0,1,0.0,0.7228,2.78,2.510660000000001
2,13,0,0,3,3,0.2,5.2125,16.68,70.12943999999999
2,11,0,1,3,2,0.4,55.9986,479.988,532.8912199999996
0,4,1,2,3,5,0.5,-211.47,352.45,352.7833650000003
